COD_RENAES,CCRG,NOMBRERG,CCDD,NOMBREDD,CCPP,NOMBREPV,CCDI,NOMBREDI,NOMBRECP,P201,SECCION,NROPERSONA,P403,P403_O,P404M_1,P404M_2,P404M_3,P404M_4,P404M_5,P404M_6,P404M_7,P404T_1,P404T_2,P404T_3,P404T_4,P404T_5,P404T_6,P404T_7,P404N_1,P404N_2,P404N_3,P404N_4,P404N_5,P404N_6,P404N_7,P405_1,P405_2,P405_3,P405_4,P405_5,P405_6,P405_7,P405_8,P405_9,P405_10,P405_11,P405_O,P405_12,P406_1,P406_2,P406_3,P406_4,P406_5,P406_6,P406_O
00000001,16,LORETO,16,LORETO,01,MAYNAS,01,IQUITOS,IQUITOS,HOSPITAL IQUITOS CESAR GARAYAR GARCIA,A,1,1, ,X,X,X,X,X,X,-,-,-,-,-,-,-,-,R,R,-,R,-,-,R,0,0,0,4,0,0,7,0,0,0,0, ,0,1,2,0,4,0,0, 
00000001,16,LORETO,16,LORETO,01,MAYNAS,01,IQUITOS,IQUITOS,HOSPITAL IQUITOS CESAR GARAYAR GARCIA,A,2,1, ,X,X,X,X,X,X,-,-,-,-,-,-,-,-,-,R,-,-,-,R,-,0,0,0,4,0,6,7,0,0,0,0, ,0,1,2,0,4,0,0, 
00000001,16,LORETO,16,LORETO,01,MAYNAS,01,IQUITOS,IQUITOS,HOSPITAL IQUITOS CESAR GARAYAR GARCIA,A,3,1, ,X,X,X,-,-,X,-,-,-,-,-,-,-,-,X,-,X,-,-,-,X,0,0,0,0,0,6,7,0,0,0,0, ,0,1,2,0,4,0,0, 
00000066,16,LORETO,16,LORETO,01,MAYNAS,07,NAPO,SANTA CLOTILDE,CENTRO DE SALUD SANTA CLOTILDE,A,1,3,AD HONOREM,X,X,X,X,X,X,-,X,-,-,X,-,X,-,X,-,-,X,-,X,-,0,0,3,0,5,0,7,0,0,0,11,CONSULTORIO EXTERNO DE MEDICINA,0,1,2,3,4,0,6,ATENCION DE ADULTOS
00000210,16,LORETO,16,LORETO,02,ALTO AMAZONAS,01,YURIMAGUAS,YURIMAGUAS,HOSPITAL SANTA GEMA DE YURIMAGUAS,A,1,1, ,X,X,X,-,-,-,-,X,X,X,-,-,-,-,R,R,R,-,-,-,-,0,2,0,0,0,6,7,0,9,0,0, ,0,1,2,3,0,0,6,ATENCION GINECOLOGICA
00000308,12,JUNIN,12,JUNIN,03,CHANCHAMAYO,01,CHANCHAMAYO,LA MERCED,HOSPITAL REGIONAL DE MEDICINA TROPICAL - DR. JULIO CESAR DEMARINI CARO,A,1,1, ,X,X,X,-,-,-,-,-,-,-,-,-,-,-,-,-,-,-,-,-,-,0,0,0,0,0,6,7,0,0,0,0, ,0,1,0,0,4,0,6,ATENCION GINECOLOGICA
00000308,12,JUNIN,12,JUNIN,03,CHANCHAMAYO,01,CHANCHAMAYO,LA MERCED,HOSPITAL REGIONAL DE MEDICINA TROPICAL - DR. JULIO CESAR DEMARINI CARO,A,2,1, ,X,X,X,X,X,X,X,X,X,X,-,X,-,-,-,-,-,R,R,R,R,0,0,0,4,0,6,7,0,0,0,0, ,0,1,0,3,4,0,6,ATENCION GINECOLOGICA
00000308,12,JUNIN,12,JUNIN,03,CHANCHAMAYO,01,CHANCHAMAYO,LA MERCED,HOSPITAL REGIONAL DE MEDICINA TROPICAL - DR. JULIO CESAR DEMARINI CARO,A,3,1, ,-,-,-,X,X,X,-,-,-,-,-,-,-,-,R,R,R,-,-,-,-,0,2,3,0,0,6,7,0,9,0,0, ,0,1,2,0,4,0,0, 
00000340,12,JUNIN,12,JUNIN,03,CHANCHAMAYO,03,PICHANAQUI,BAJO PICHANAQUI,HOSPITAL DE APOYO PICHANAKI,A,1,2, ,X,X,X,-,-,-,-,X,X,X,-,-,-,-,R,R,R,-,-,-,-,1,2,3,4,0,6,7,0,0,0,0, ,0,1,2,3,4,0,6,ATENCION GINECOLOGICA
00000365,12,JUNIN,12,JUNIN,04,JAUJA,01,JAUJA,JAUJA,HOSPITAL DOMINGO OLAVEGOYA,A,1,1, ,-,-,-,-,-,-,-,-,X,-,-,-,-,-,-,-,-,-,-,-,-,0,0,0,0,0,0,7,0,0,0,0, ,0,0,0,0,4,0,0, 
00000365,12,JUNIN,12,JUNIN,04,JAUJA,01,JAUJA,JAUJA,HOSPITAL DOMINGO OLAVEGOYA,A,2,1, ,-,-,-,-,-,X,-,-,-,-,-,-,X,-,-,-,-,-,-,X,-,1,2,3,0,0,6,0,0,0,0,0, ,0,0,2,0,4,0,6,ATENCION GINECOLOGICA
00000365,12,JUNIN,12,JUNIN,04,JAUJA,01,JAUJA,JAUJA,HOSPITAL DOMINGO OLAVEGOYA,A,3,1, ,-,-,-,-,-,-,-,-,-,-,-,-,-,-,-,-,-,-,-,-,-,0,0,0,0,0,0,0,0,0,0,0, ,12, , , , , , , 
00000432,12,JUNIN,12,JUNIN,06,SATIPO,01,SATIPO,SATIPO,HOSPITAL DE APOYO MANUEL ANGEL HIGA ARAKAKI,A,1,2, ,-,-,-,-,-,-,-,-,-,-,-,-,-,-,-,-,-,-,-,-,-,0,0,0,4,0,6,7,0,0,0,11,CONSULTORIO EXTERNO DE ONCOLOGIA,0,1,2,0,4,0,6,ATENCION GINECOLOGICA
00000432,12,JUNIN,12,JUNIN,06,SATIPO,01,SATIPO,SATIPO,HOSPITAL DE APOYO MANUEL ANGEL HIGA ARAKAKI,A,2,2, ,-,X,X,R,R,X,X,-,X,-,R,R,X,X,-,-,X,X,X,-,-,0,0,0,4,0,6,7,0,9,0,0, ,0,1,2,0,4,0,0, 
00000432,12,JUNIN,12,JUNIN,06,SATIPO,01,SATIPO,SATIPO,HOSPITAL DE APOYO MANUEL ANGEL HIGA ARAKAKI,A,3,1, ,-,-,-,-,-,-,-,-,X,-,-,-,-,-,X,-,-,-,-,-,-,1,2,0,4,0,6,0,0,9,0,0, ,0,1,2,3,4,0,0, 
00000432,12,JUNIN,12,JUNIN,06,SATIPO,01,SATIPO,SATIPO,HOSPITAL DE APOYO MANUEL ANGEL HIGA ARAKAKI,A,4,1, ,-,X,-,X,X,-,-,-,X,-,X,X,-,-,-,-,-,-,-,X,-,1,2,0,4,0,6,0,0,9,0,0, ,0,1,2,3,4,0,0, 
00000432,12,JUNIN,12,JUNIN,06,SATIPO,01,SATIPO,SATIPO,HOSPITAL DE APOYO MANUEL ANGEL HIGA ARAKAKI,A,5,1, ,X,-,-,-,-,-,-,X,-,-,-,-,-,-,-,X,-,-,-,-,-,1,2,0,4,0,6,7,0,9,0,0, ,0,1,2,3,4,0,0, 
00000432,12,JUNIN,12,JUNIN,06,SATIPO,01,SATIPO,SATIPO,HOSPITAL DE APOYO MANUEL ANGEL HIGA ARAKAKI,A,6,2, ,X,-,-,-,-,-,-,X,-,-,-,-,-,-,-,-,-,-,-,-,-,1,2,0,4,0,6,7,0,0,0,0, ,0,1,2,3,4,0,6,ATENCION GINECOLOGICA
00000442,12,JUNIN,12,JUNIN,06,SATIPO,06,PANGOA,SAN MARTIN DE PANGOA,HOSPITAL SAN MARTIN DE PANGOA,A,1,2, ,-,-,-,-,-,-,-,-,-,-,-,-,-,-,-,-,-,-,-,-,-,1,2,0,4,0,6,7,0,9,0,0, ,0,1,2,3,4,0,6,ATENCION GINECOLOGICA
00000442,12,JUNIN,12,JUNIN,06,SATIPO,06,PANGOA,SAN MARTIN DE PANGOA,HOSPITAL SAN MARTIN DE PANGOA,A,2,2, ,-,-,-,-,-,-,-,-,-,-,-,-,-,-,-,-,-,-,-,-,-,1,2,0,4,0,6,7,0,9,0,0, ,0,1,2,3,4,0,6,ATENCION GINECOLOGICA
00000442,12,JUNIN,12,JUNIN,06,SATIPO,06,PANGOA,SAN MARTIN DE PANGOA,HOSPITAL SAN MARTIN DE PANGOA,A,3,2, ,X,X,X,X,X,X,X,X,X,X,X,X,X,X,-,-,-,-,-,-,-,0,2,0,4,0,6,7,0,9,0,0, ,0,1,2,3,4,0,6,ATENCION GINECOLOGICA
00000442,12,JUNIN,12,JUNIN,06,SATIPO,06,PANGOA,SAN MARTIN DE PANGOA,HOSPITAL SAN MARTIN DE PANGOA,A,4,2, ,X,X,X,X,X,X,X,X,X,X,X,X,X,X,-,-,-,-,-,-,-,1,2,0,4,0,6,7,0,9,0,0, ,0,1,2,3,4,0,6,ATENCION GINECOLOGICA
00000442,12,JUNIN,12,JUNIN,06,SATIPO,06,PANGOA,SAN MARTIN DE PANGOA,HOSPITAL SAN MARTIN DE PANGOA,A,5,2, ,-,-,-,-,-,-,-,-,-,-,-,-,-,-,-,-,-,-,-,-,-,1,2,0,4,0,6,7,0,9,0,0, ,0,1,2,3,4,0,6,ATENCION GINECOLOGICA
00000519,12,JUNIN,12,JUNIN,05,JUNIN,01,JUNIN,JUNIN,HOSPITAL DE APOYO DE JUNIN,A,1,1, ,-,-,-,-,-,-,-,-,-,-,-,-,-,-,-,-,-,-,-,-,-,1,2,3,4,0,6,7,0,9,0,0, ,0,1,2,3,4,0,0, 
00000519,12,JUNIN,12,JUNIN,05,JUNIN,01,JUNIN,JUNIN,HOSPITAL DE APOYO DE JUNIN,A,2,1, ,-,-,-,-,-,-,-,-,-,-,-,-,-,-,-,-,-,-,-,-,-,1,2,3,4,0,6,7,0,9,0,0, ,0,1,2,3,4,0,0, 
00000519,12,JUNIN,12,JUNIN,05,JUNIN,01,JUNIN,JUNIN,HOSPITAL DE APOYO DE JUNIN,A,3,2, ,X,X,X,X,X,X,-,X,X,X,X,X,X,-,R,R,R,R,R,-,-,1,2,0,4,0,6,7,0,9,0,0, ,0,1,2,3,4,0,0, 
00000756,10,HUANUCO,10,HUANUCO,01,HUANUCO,02,AMARILIS,PAUCARBAMBA,CENTRO DE SALUD CARLOS SHOWING FERRARI,A,1,1, ,-,-,X,-,-,-,-,-,-,X,-,-,-,-,-,-,-,X,-,-,-,0,0,0,4,0,0,7,0,9,0,0, ,0,0,0,0,4,0,0, 
00000756,10,HUANUCO,10,HUANUCO,01,HUANUCO,02,AMARILIS,PAUCARBAMBA,CENTRO DE SALUD CARLOS SHOWING FERRARI,A,2,1, ,X,X,X,X,X,X,X,X,X,X,X,X,X,X,R,R,-,-,R,-,R,0,0,0,4,0,6,7,0,9,0,0, ,0,1,0,0,4,0,0, 
00000756,10,HUANUCO,10,HUANUCO,01,HUANUCO,02,AMARILIS,PAUCARBAMBA,CENTRO DE SALUD CARLOS SHOWING FERRARI,A,3,1, ,-,-,-,-,-,-,-,-,-,-,-,-,-,-,-,-,-,-,-,-,-,0,0,0,4,0,0,0,0,0,0,0, ,0,1,2,0,0,0,0, 
00000756,10,HUANUCO,10,HUANUCO,01,HUANUCO,02,AMARILIS,PAUCARBAMBA,CENTRO DE SALUD CARLOS SHOWING FERRARI,A,4,1, ,X,X,X,X,X,X,-,-,-,-,-,-,-,-,R,-,-,-,-,-,-,0,0,0,4,0,0,7,0,9,0,0, ,0,0,0,0,4,0,0, 
00000932,10,HUANUCO,10,HUANUCO,06,LEONCIO PRADO,01,RUPA-RUPA,TINGO MARIA,HOSPITAL TINGO MARIA,A,1,1, ,X,-,-,-,-,X,X,-,-,X,-,-,-,X,X,-,-,X,-,-,-,0,0,0,4,0,6,0,0,9,0,0, ,0,0,2,0,4,0,0, 
00000932,10,HUANUCO,10,HUANUCO,06,LEONCIO PRADO,01,RUPA-RUPA,TINGO MARIA,HOSPITAL TINGO MARIA,A,2,1, ,-,-,-,-,-,-,X,-,-,-,-,-,-,-,-,-,-,-,-,-,X,0,0,0,0,0,6,0,0,0,0,0, ,0,0,2,0,0,0,0, 
00000932,10,HUANUCO,10,HUANUCO,06,LEONCIO PRADO,01,RUPA-RUPA,TINGO MARIA,HOSPITAL TINGO MARIA,A,3,1, ,-,-,-,-,-,-,-,-,-,-,-,-,-,-,-,-,-,-,-,-,-,0,0,0,0,0,0,0,0,0,0,0, ,12, , , , , , , 
00000932,10,HUANUCO,10,HUANUCO,06,LEONCIO PRADO,01,RUPA-RUPA,TINGO MARIA,HOSPITAL TINGO MARIA,A,4,1, ,-,-,-,-,-,-,-,-,-,-,-,-,-,-,-,-,-,-,-,-,-,0,0,0,0,0,0,0,0,0,0,0, ,12, , , , , , , 
00000932,10,HUANUCO,10,HUANUCO,06,LEONCIO PRADO,01,RUPA-RUPA,TINGO MARIA,HOSPITAL TINGO MARIA,A,5,1, ,X,X,-,X,X,-,-,X,-,X,X,X,-,-,-,X,-,-,X,-,-,0,0,0,4,0,6,7,0,0,0,0, ,0,0,0,0,4,0,0, 
00000932,10,HUANUCO,10,HUANUCO,06,LEONCIO PRADO,01,RUPA-RUPA,TINGO MARIA,HOSPITAL TINGO MARIA,A,6,2, ,-,X,-,-,-,-,-,X,X,-,-,-,-,-,-,X,-,-,-,-,-,0,0,0,4,0,0,7,0,0,0,0, ,0,0,0,0,4,0,0, 
00000932,10,HUANUCO,10,HUANUCO,06,LEONCIO PRADO,01,RUPA-RUPA,TINGO MARIA,HOSPITAL TINGO MARIA,A,7,2, ,-,-,X,-,X,X,-,-,-,X,X,X,X,-,-,-,X,-,-,X,-,0,0,0,4,0,0,7,0,0,0,0, ,0,0,0,0,4,0,0, 
00000932,10,HUANUCO,10,HUANUCO,06,LEONCIO PRADO,01,RUPA-RUPA,TINGO MARIA,HOSPITAL TINGO MARIA,A,8,2, ,-,-,-,-,-,-,-,-,-,-,-,-,-,-,-,-,-,-,-,-,-,0,0,0,0,0,0,0,0,0,0,0, ,12, , , , , , , 
00000980,19,PASCO,19,PASCO,03,OXAPAMPA,01,OXAPAMPA,OXAPAMPA,HOSPITAL ERNESTO GERMAN GUZMAN GONZALES,A,1,2, ,X,X,X,-,-,-,-,X,X,-,-,-,-,-,R,R,R,-,-,-,-,0,2,0,4,0,6,7,0,9,0,0, ,0,1,2,0,0,0,6,ATENCION JOVEN Y ADULTO
00000981,19,PASCO,19,PASCO,03,OXAPAMPA,07,VILLA RICA,VILLA RICA,HOSPITAL ROMAN EGOAVIL PANDO,A,1,1, ,-,X,X,-,X,X,X,X,X,-,X,X,-,-,-,-,X,-,-,-,X,1,2,0,4,0,6,7,0,9,0,0, ,0,1,2,0,4,0,6,CONSULTAS GINECOLOGICAS Y ECOGRAFIAS
00000981,19,PASCO,19,PASCO,03,OXAPAMPA,07,VILLA RICA,VILLA RICA,HOSPITAL ROMAN EGOAVIL PANDO,A,2,1, ,-,-,-,-,-,-,-,-,-,-,-,-,-,-,-,-,-,-,-,-,-,1,2,0,4,0,6,7,0,9,0,0, ,0,1,2,0,0,0,0, 
00001232,04,AREQUIPA,04,AREQUIPA,01,AREQUIPA,01,AREQUIPA,AREQUIPA,HOSPITAL III GOYENECHE,A,1,1, ,X,X,X,X,X,X,-,-,-,-,-,-,-,-,-,-,-,-,-,-,-,0,0,0,0,0,0,7,0,0,0,11,ADMINISTRATIVO,0,1,0,0,0,0,0, 
00001232,04,AREQUIPA,04,AREQUIPA,01,AREQUIPA,01,AREQUIPA,AREQUIPA,HOSPITAL III GOYENECHE,A,2,1, ,-,-,-,X,X,-,-,-,-,-,-,X,-,-,X,-,-,-,-,X,-,1,0,0,4,0,6,7,0,0,0,0, ,0,1,0,0,4,0,0, 
00001232,04,AREQUIPA,04,AREQUIPA,01,AREQUIPA,01,AREQUIPA,AREQUIPA,HOSPITAL III GOYENECHE,A,3,1, ,X,-,-,-,X,X,-,X,-,-,-,-,X,-,-,X,-,-,-,-,X,1,0,0,4,0,6,7,0,0,0,0, ,0,1,0,0,4,0,0, 
00001232,04,AREQUIPA,04,AREQUIPA,01,AREQUIPA,01,AREQUIPA,AREQUIPA,HOSPITAL III GOYENECHE,A,4,1, ,-,X,-,-,-,-,X,-,X,-,-,-,-,X,-,-,X,-,-,-,-,1,0,0,4,0,6,7,0,0,0,0, ,0,1,0,0,4,0,0, 
00001232,04,AREQUIPA,04,AREQUIPA,01,AREQUIPA,01,AREQUIPA,AREQUIPA,HOSPITAL III GOYENECHE,A,5,1, ,X,X,X,-,-,-,-,-,-,X,-,-,-,-,-,-,-,X,-,-,-,1,0,0,4,0,6,7,0,0,0,0, ,0,1,0,0,4,0,0, 
00001232,04,AREQUIPA,04,AREQUIPA,01,AREQUIPA,01,AREQUIPA,AREQUIPA,HOSPITAL III GOYENECHE,A,6,1, ,X,-,X,X,-,-,-,-,-,-,X,-,-,-,-,-,-,-,X,-,-,1,0,0,4,0,6,7,0,0,0,0, ,0,1,0,0,4,0,0, 
00001232,04,AREQUIPA,04,AREQUIPA,01,AREQUIPA,01,AREQUIPA,AREQUIPA,HOSPITAL III GOYENECHE,A,7,1, ,X,-,X,X,X,-,-,X,-,-,-,X,-,-,-,-,-,-,-,X,-,1,0,0,4,0,6,7,0,0,0,0, ,0,1,0,0,4,0,0, 
00001232,04,AREQUIPA,04,AREQUIPA,01,AREQUIPA,01,AREQUIPA,AREQUIPA,HOSPITAL III GOYENECHE,A,8,1, ,X,X,-,-,-,X,-,-,X,-,-,-,X,-,-,-,-,-,-,-,X,1,0,0,4,0,6,7,0,0,0,0, ,0,1,0,0,4,0,0, 
00001232,04,AREQUIPA,04,AREQUIPA,01,AREQUIPA,01,AREQUIPA,AREQUIPA,HOSPITAL III GOYENECHE,A,9,1, ,-,X,X,-,X,-,X,-,-,X,-,-,-,X,-,-,-,-,-,-,-,1,0,0,4,0,6,7,0,0,0,0, ,0,1,2,0,4,0,0, 
00001232,04,AREQUIPA,04,AREQUIPA,01,AREQUIPA,01,AREQUIPA,AREQUIPA,HOSPITAL III GOYENECHE,A,10,1, ,-,-,X,X,X,-,-,-,-,-,X,-,-,-,-,-,-,-,-,-,-,1,0,0,4,0,6,7,0,0,0,0, ,0,1,2,0,4,0,0, 
00001232,04,AREQUIPA,04,AREQUIPA,01,AREQUIPA,01,AREQUIPA,AREQUIPA,HOSPITAL III GOYENECHE,A,11,2, ,-,-,-,X,X,-,-,-,-,-,-,-,-,-,X,-,-,-,-,-,-,1,0,0,4,0,6,7,0,0,0,0, ,0,1,0,0,4,0,0, 
00001232,04,AREQUIPA,04,AREQUIPA,01,AREQUIPA,01,AREQUIPA,AREQUIPA,HOSPITAL III GOYENECHE,A,12,2, ,X,-,-,X,X,-,-,-,-,-,-,-,-,-,-,X,-,-,-,-,-,1,0,0,4,0,6,7,0,0,0,0, ,0,1,0,0,4,0,0, 
00001232,04,AREQUIPA,04,AREQUIPA,01,AREQUIPA,01,AREQUIPA,AREQUIPA,HOSPITAL III GOYENECHE,A,13,2, ,X,X,-,-,-,-,-,-,-,-,-,-,-,-,-,-,X,-,-,-,-,1,0,0,4,0,6,7,0,0,0,0, ,0,1,0,0,4,0,0, 
00001232,04,AREQUIPA,04,AREQUIPA,01,AREQUIPA,01,AREQUIPA,AREQUIPA,HOSPITAL III GOYENECHE,A,14,2, ,-,X,X,-,-,-,-,-,-,-,-,-,-,-,-,-,-,X,-,-,-,0,0,0,4,0,6,7,0,0,0,0, ,0,1,0,0,4,0,0, 
00001232,04,AREQUIPA,04,AREQUIPA,01,AREQUIPA,01,AREQUIPA,AREQUIPA,HOSPITAL III GOYENECHE,A,15,2, ,-,-,X,X,-,-,-,-,-,-,-,-,-,-,-,-,-,-,X,-,-,0,0,0,4,0,6,7,0,0,0,0, ,0,1,0,0,4,0,0, 
00001232,04,AREQUIPA,04,AREQUIPA,01,AREQUIPA,01,AREQUIPA,AREQUIPA,HOSPITAL III GOYENECHE,A,16,1, ,X,X,X,X,X,X,-,-,-,-,-,-,-,-,-,-,-,-,-,-,-,0,0,0,0,0,0,7,0,0,0,11,ADMINISTRATIVO,0,1,0,0,0,0,0, 
00001232,04,AREQUIPA,04,AREQUIPA,01,AREQUIPA,01,AREQUIPA,AREQUIPA,HOSPITAL III GOYENECHE,A,17,1, ,-,-,-,-,-,-,-,-,-,-,-,-,-,-,-,-,-,-,-,-,-,0,0,0,0,0,0,0,0,0,0,0, ,12, , , , , , , 
00001237,04,AREQUIPA,04,AREQUIPA,01,AREQUIPA,04,CERRO COLORADO,LA LIBERTAD,CENTRO DE SALUD MARITZA CAMPOS DIAZ,A,1,1, ,X,-,X,-,-,-,-,X,-,-,-,-,-,-,-,-,-,-,-,-,-,1,0,0,4,0,6,7,0,9,0,0, ,0,1,0,3,4,0,6,ATENCION ADULTO
00001237,04,AREQUIPA,04,AREQUIPA,01,AREQUIPA,04,CERRO COLORADO,LA LIBERTAD,CENTRO DE SALUD MARITZA CAMPOS DIAZ,A,2,2, ,-,X,-,-,-,-,-,-,X,-,-,-,-,-,-,-,-,-,-,-,-,1,0,0,4,0,6,7,0,9,0,0, ,0,1,0,3,4,0,6,ATENCION ADULTO
00001237,04,AREQUIPA,04,AREQUIPA,01,AREQUIPA,04,CERRO COLORADO,LA LIBERTAD,CENTRO DE SALUD MARITZA CAMPOS DIAZ,A,3,2, ,-,-,-,-,X,X,-,-,-,-,-,X,X,-,-,-,-,-,-,-,-,1,0,0,4,0,6,7,0,9,0,0, ,0,1,0,3,4,0,6,ATENCION ADULTO
00001237,04,AREQUIPA,04,AREQUIPA,01,AREQUIPA,04,CERRO COLORADO,LA LIBERTAD,CENTRO DE SALUD MARITZA CAMPOS DIAZ,A,4,2, ,-,X,-,-,-,-,-,-,-,X,-,-,-,-,-,-,-,-,-,-,-,1,0,0,4,0,6,7,0,9,0,0, ,0,1,0,3,4,0,6,ATENCION ADULTO
00001259,04,AREQUIPA,04,AREQUIPA,10,AREQUIPA,07,JACOBO HUNTER,JACOBO HUNTER,CENTRO DE SALUD JAVIER LLOSA GARCIA HUNTER,A,1,2, ,-,-,-,-,-,-,-,-,-,-,-,-,-,-,-,-,-,-,-,-,-,1,0,0,4,0,6,7,0,0,0,0, ,0,1,0,0,4,0,0, 
00001259,04,AREQUIPA,04,AREQUIPA,10,AREQUIPA,07,JACOBO HUNTER,JACOBO HUNTER,CENTRO DE SALUD JAVIER LLOSA GARCIA HUNTER,A,2,2, ,-,-,X,X,-,-,-,-,-,X,-,-,-,-,-,-,-,-,-,-,-,1,0,0,4,0,6,7,0,0,0,0, ,0,1,0,0,4,0,0, 
00001259,04,AREQUIPA,04,AREQUIPA,10,AREQUIPA,07,JACOBO HUNTER,JACOBO HUNTER,CENTRO DE SALUD JAVIER LLOSA GARCIA HUNTER,A,3,2, ,-,-,-,-,-,-,-,-,-,-,-,-,-,-,-,-,-,-,-,-,-,1,0,0,4,0,6,7,0,0,0,0, ,0,1,0,0,4,0,0, 
00001294,04,AREQUIPA,04,AREQUIPA,01,AREQUIPA,09,MARIANO MELGAR,MARIANO MELGAR,CENTRO DE SALUD MARIANO MELGAR,A,1,1, ,X,-,X,-,X,X,-,-,-,X,-,X,-,-,-,-,-,-,-,-,-,1,0,0,4,0,6,7,0,0,0,0, ,0,1,0,0,4,0,0, 
00001294,04,AREQUIPA,04,AREQUIPA,01,AREQUIPA,09,MARIANO MELGAR,MARIANO MELGAR,CENTRO DE SALUD MARIANO MELGAR,A,2,1, ,X,X,X,-,-,-,-,-,X,-,-,-,-,-,-,-,-,-,-,-,-,1,0,0,4,0,6,7,0,0,0,0, ,0,1,0,0,4,0,0, 
00001325,04,AREQUIPA,04,AREQUIPA,05,CAYLLOMA,20,MAJES,EL PEDREGAL,CENTRO DE SALUD EL PEDREGAL,A,1,2, ,X,-,X,-,X,-,-,X,-,X,-,X,-,-,-,-,-,-,-,-,-,0,0,0,0,0,6,7,0,0,0,0, ,0,1,0,0,0,0,6,ATENCION GINECOLOGICA
00001344,04,AREQUIPA,04,AREQUIPA,02,CAMANA,01,CAMANA,CAMANA,HOSPITAL DE CAMANA,A,1,1, ,-,X,X,-,X,-,-,-,X,-,-,-,-,-,-,-,X,-,X,-,-,1,0,0,4,0,6,7,0,9,0,0, ,0,1,2,0,4,0,0, 
00001344,04,AREQUIPA,04,AREQUIPA,02,CAMANA,01,CAMANA,CAMANA,HOSPITAL DE CAMANA,A,2,1, ,-,X,-,-,X,-,-,-,-,-,-,-,-,-,-,X,-,-,-,-,-,1,0,0,4,0,6,7,0,9,0,0, ,0,1,2,0,4,0,0, 
00001344,04,AREQUIPA,04,AREQUIPA,02,CAMANA,01,CAMANA,CAMANA,HOSPITAL DE CAMANA,A,3,2, ,X,-,-,X,-,X,-,X,-,-,-,-,X,-,-,-,-,X,-,-,X,1,0,0,4,0,6,7,0,9,0,0, ,0,1,2,0,4,0,0, 
00001344,04,AREQUIPA,04,AREQUIPA,02,CAMANA,01,CAMANA,CAMANA,HOSPITAL DE CAMANA,A,4,2, ,-,-,-,-,-,-,-,-,-,-,-,-,-,-,-,-,-,-,-,-,-,1,0,0,4,0,6,7,0,9,0,0, ,0,1,2,0,4,0,0, 
00001344,04,AREQUIPA,04,AREQUIPA,02,CAMANA,01,CAMANA,CAMANA,HOSPITAL DE CAMANA,A,5,2, ,-,-,-,-,-,-,-,-,-,-,-,-,-,-,-,-,-,-,-,-,-,1,0,0,4,0,6,7,0,9,0,0, ,0,1,2,0,4,0,0, 
00001344,04,AREQUIPA,04,AREQUIPA,02,CAMANA,01,CAMANA,CAMANA,HOSPITAL DE CAMANA,A,6,2, ,-,-,-,-,-,-,-,-,-,-,-,-,-,-,-,-,-,-,-,-,-,1,0,0,4,0,6,7,0,9,0,0, ,0,1,2,0,4,0,0, 
00001382,04,AREQUIPA,04,AREQUIPA,04,CASTILLA,01,APLAO,APLAO,HOSPITAL DE APOYO APLAO,A,1,1, ,X,X,X,X,X,X,X,X,X,X,X,X,X,-,-,-,-,-,-,-,X,1,0,0,4,0,6,7,0,9,0,0, ,0,1,2,0,4,0,0, 
00001382,04,AREQUIPA,04,AREQUIPA,04,CASTILLA,01,APLAO,APLAO,HOSPITAL DE APOYO APLAO,A,2,1, ,-,-,-,-,-,-,-,-,-,-,-,-,-,-,-,-,-,-,-,-,-,1,2,0,4,0,6,7,0,0,0,0, ,0,1,2,3,4,0,0, 
00001516,02,ANCASH,02,ANCASH,06,CARHUAZ,01,CARHUAZ,CARHUAZ,HOSPITAL DE APOYO CARHUAZ,A,1,2, ,X,-,-,-,-,-,-,-,-,-,-,-,-,-,-,-,-,-,-,-,-,0,2,3,0,0,6,7,0,9,0,0, ,0,1,0,3,4,0,6,BLOQUEO TUBARICO BILATERAL
00001587,02,ANCASH,02,ANCASH,12,HUAYLAS,01,CARAZ,CARAZ,HOSPITAL DE APOYO CARAZ,A,1,1, ,X,X,X,-,X,X,-,-,-,-,-,-,X,-,-,-,-,-,-,-,-,0,0,0,0,0,6,7,0,9,0,0, ,0,1,0,0,4,0,6,CONSULTA EXTERNA GINECOLOGIA
00001587,02,ANCASH,02,ANCASH,12,HUAYLAS,01,CARAZ,CARAZ,HOSPITAL DE APOYO CARAZ,A,2,1, ,X,-,-,-,X,-,-,-,-,-,-,X,-,-,-,-,-,-,-,X,-,0,0,0,4,0,6,7,0,0,0,0, ,0,1,0,0,4,0,6,CONSULTA EXTERNA GINECOLOGIA
00001587,02,ANCASH,02,ANCASH,12,HUAYLAS,01,CARAZ,CARAZ,HOSPITAL DE APOYO CARAZ,A,3,1, ,-,-,-,X,X,X,X,-,-,-,-,-,-,X,-,-,-,-,-,-,-,0,0,0,4,0,6,7,0,9,0,0, ,0,0,0,0,4,0,6,CONSULTA EXTERNA GINECOLOGIA
00001719,02,ANCASH,02,ANCASH,08,CASMA,01,CASMA,CASMA,HOSPITAL DE APOYO CASMA,A,1,1, ,X,-,-,-,-,-,-,X,-,-,-,-,-,-,-,X,-,-,-,-,-,0,0,3,4,5,6,7,0,0,0,0, ,0,1,0,3,4,0,0, 
00001741,02,ANCASH,02,ANCASH,11,HUARMEY,01,HUARMEY,HUARMEY,HOSPITAL PEDRO TAPIA MARCELO,A,1,2, ,-,-,-,-,X,-,-,-,-,-,-,X,-,-,-,-,-,-,-,-,-,1,2,0,4,0,6,7,0,0,0,0, ,0,1,2,3,4,0,0, 
00001813,02,ANCASH,02,ANCASH,10,HUARI,01,HUARI,HUARI,HOSPITAL DE APOYO HUARI,A,1,1, ,-,-,-,-,-,-,-,-,-,-,-,-,-,-,-,-,-,-,-,-,-,0,0,0,4,0,0,0,0,0,0,11,ADMINISTRATIVO,0,1,2,0,0,0,0, 
00001908,24,TUMBES,24,TUMBES,01,TUMBES,01,TUMBES,TUMBES,HOSPITAL DE APOYO II-1 JOSE ALFREDO MENDOZA OLAVARRÍA,A,1,1, ,-,X,X,X,X,-,-,-,X,X,X,X,-,-,R,R,R,R,R,R,-,0,0,0,4,0,6,7,0,0,0,0, ,0,1,0,3,4,0,6,ATENCION A ADULTOS
00002021,20,PIURA,20,PIURA,05,PAITA,01,PAITA,PAITA,HOSPITAL LAS MERCEDES - PAITA,A,1,2, ,-,-,-,-,-,-,-,-,-,-,X,-,-,-,-,-,-,X,-,-,-,0,2,0,4,0,6,7,0,0,0,0, ,0,1,2,0,4,0,0, 
00002161,20,PIURA,20,PIURA,04,MORROPON,01,CHULUCANAS,CHULUCANAS,HOSPITAL CHULUCANAS,A,1,2, ,-,-,-,-,-,-,-,-,-,-,-,-,-,-,-,-,-,-,-,-,-,0,0,0,4,0,6,7,0,9,0,0, ,0,1,0,0,4,0,0, 
00002161,20,PIURA,20,PIURA,04,MORROPON,01,CHULUCANAS,CHULUCANAS,HOSPITAL CHULUCANAS,A,2,1, ,-,-,-,-,-,-,-,-,-,-,-,-,-,-,-,-,-,-,-,-,-,0,0,0,0,0,6,7,0,9,0,0, ,0,1,0,0,0,0,0, 
00002378,08,CUSCO,08,CUSCO,06,CANCHIS,01,SICUANI,SICUANI,HOSPITAL ALFREDO CALLO RODRIGUEZ,A,1,1, ,X,X,X,-,X,R,X,X,-,X,-,-,R,X,-,R,-,-,X,-,-,1,2,0,4,0,6,7,0,9,0,0, ,0,1,2,3,4,0,0, 
00002378,08,CUSCO,08,CUSCO,06,CANCHIS,01,SICUANI,SICUANI,HOSPITAL ALFREDO CALLO RODRIGUEZ,A,2,2, ,-,-,-,-,-,-,-,-,-,-,-,-,-,-,-,-,-,-,-,-,-,1,2,3,0,0,6,7,0,9,0,0, ,0,1,2,0,4,5,0, 
00002421,08,CUSCO,08,CUSCO,09,LA CONVENCION,01,SANTA ANA,QUILLABAMBA,HOSPITAL QUILLABAMBA,A,1,1, ,-,X,-,X,X,-,X,-,-,-,X,-,-,X,-,X,-,-,X,-,-,1,2,3,0,0,6,7,0,9,0,0, ,0,1,2,3,4,0,0, 
00002421,08,CUSCO,08,CUSCO,09,LA CONVENCION,01,SANTA ANA,QUILLABAMBA,HOSPITAL QUILLABAMBA,A,2,1, ,-,-,-,-,-,-,-,-,-,-,-,-,-,-,-,-,-,-,-,-,-,1,2,3,0,0,6,7,0,9,0,0, ,0,1,2,3,4,0,0, 
00002625,03,APURIMAC,03,APURIMAC,05,COTABAMBAS,01,TAMBOBAMBA,TAMBOBAMBA,HOSPITAL DE TAMBOBAMBA,A,1,2, ,-,-,-,-,-,-,-,-,-,-,-,-,-,-,-,-,-,-,-,-,-,1,2,0,0,0,6,7,0,9,0,0, ,0,1,2,3,4,0,0, 
00002625,03,APURIMAC,03,APURIMAC,05,COTABAMBAS,01,TAMBOBAMBA,TAMBOBAMBA,HOSPITAL DE TAMBOBAMBA,A,2,2, ,-,-,-,-,-,-,-,-,-,-,-,-,-,-,-,-,-,-,-,-,-,1,2,0,4,0,6,7,0,9,0,0, ,0,1,2,3,4,0,0, 
00002698,17,MADRE DE DIOS,17,MADRE DE DIOS,01,TAMBOPATA,01,TAMBOPATA,PUERTO MALDONADO,HOSPITAL II SANTA ROSA,A,1,1, ,X,X,X,X,X,X,-,-,-,-,-,-,-,-,-,-,-,-,-,-,-,0,0,0,4,0,6,7,0,0,0,0, ,0,1,0,3,4,0,6,ATENCION A ADULTOS
00002698,17,MADRE DE DIOS,17,MADRE DE DIOS,01,TAMBOPATA,01,TAMBOPATA,PUERTO MALDONADO,HOSPITAL II SANTA ROSA,A,2,1, ,-,-,-,-,-,-,-,-,-,-,-,-,-,-,-,-,-,-,-,-,-,0,0,0,4,0,6,7,0,0,0,0, ,0,1,0,0,4,0,6,ATENCION A ADULTOS
00002698,17,MADRE DE DIOS,17,MADRE DE DIOS,01,TAMBOPATA,01,TAMBOPATA,PUERTO MALDONADO,HOSPITAL II SANTA ROSA,A,3,1, ,-,-,-,-,-,-,-,-,-,-,-,-,-,-,-,-,-,-,-,-,-,0,0,0,4,0,6,7,0,0,0,0, ,0,1,0,0,4,0,6,ATENCION A ADULTOS
00002698,17,MADRE DE DIOS,17,MADRE DE DIOS,01,TAMBOPATA,01,TAMBOPATA,PUERTO MALDONADO,HOSPITAL II SANTA ROSA,A,4,2, ,R,R,R,-,-,-,-,R,R,R,-,-,-,-,R,R,R,-,-,-,-,0,2,0,0,0,0,0,0,0,0,0, ,0,1,0,3,4,0,0, 
00002818,18,MOQUEGUA,18,MOQUEGUA,03,ILO,01,ILO,ILO,HOSPITAL ILO,A,1,1, ,X,X,X,X,X,X,-,X,X,X,X,X,X,-,-,-,-,-,-,-,X,1,2,0,0,0,6,7,0,9,0,0, ,0,1,2,3,4,5,0, 
00003032,21,PUNO,21,PUNO,05,EL COLLAO,01,ILAVE,ILAVE,HOSPITAL APOYO ILAVE,A,1,1, ,-,X,-,-,-,-,X,-,X,-,-,-,-,X,-,-,X,-,-,-,-,0,2,3,0,0,6,0,0,0,0,0, ,0,1,0,3,4,0,0, 
00003068,21,PUNO,21,PUNO,06,HUANCANE,01,HUANCANE,HUANCANE,HOSPITAL LUCIO ALDAZABAL PAUCA,A,1,2, ,-,-,X,X,-,-,-,-,-,X,X,-,-,-,-,-,X,-,X,-,-,1,0,0,4,0,6,7,0,9,0,0, ,0,1,2,3,4,0,0, 
00003128,21,PUNO,21,PUNO,07,LAMPA,01,LAMPA,LAMPA,HOSPITAL DE APOYO ANTONIO BARRIONUEVO,A,1,1, ,-,-,-,-,X,-,-,-,-,-,-,X,-,-,-,-,-,-,X,-,-,0,2,3,4,5,0,7,0,9,0,0, ,0,1,2,3,4,0,0, 
00003156,21,PUNO,21,PUNO,08,MELGAR,01,AYAVIRI,AYAVIRI,HOSPITAL SAN JUAN DE DIOS AYAVIRI,A,1,1, ,-,X,X,-,-,-,-,X,X,X,-,-,-,-,-,-,-,-,-,-,-,0,2,3,0,0,6,7,0,9,0,0, ,0,1,2,3,4,0,6,ATENCION DE ADULTOS
00003156,21,PUNO,21,PUNO,08,MELGAR,01,AYAVIRI,AYAVIRI,HOSPITAL SAN JUAN DE DIOS AYAVIRI,A,2,1, ,X,-,-,X,-,-,-,-,-,-,-,-,-,-,X,-,-,X,X,-,-,0,2,3,0,0,6,7,0,9,0,0, ,0,1,2,3,4,0,6,ATENCION DE ADULTOS
00003359,11,ICA,11,ICA,01,ICA,01,ICA,ICA,HOSPITAL SANTA MARIA DEL SOCORRO,A,1,1, ,-,X,X,-,-,-,-,-,-,X,-,-,-,-,-,-,-,X,-,-,-,0,0,0,0,0,0,7,0,0,0,0, ,0,1,0,0,0,0,0, 
00003359,11,ICA,11,ICA,01,ICA,01,ICA,ICA,HOSPITAL SANTA MARIA DEL SOCORRO,A,2,1, ,-,-,X,X,-,-,-,-,-,-,X,-,-,-,-,-,-,-,X,-,-,1,2,0,0,0,0,7,0,0,0,0, ,0,1,2,3,0,0,0, 
00003359,11,ICA,11,ICA,01,ICA,01,ICA,ICA,HOSPITAL SANTA MARIA DEL SOCORRO,A,3,1, ,-,-,-,X,X,-,-,-,-,-,-,X,-,-,-,-,-,-,-,X,-,0,0,0,4,0,0,7,0,9,0,0, ,0,1,0,0,0,0,0, 
00003359,11,ICA,11,ICA,01,ICA,01,ICA,ICA,HOSPITAL SANTA MARIA DEL SOCORRO,A,4,1, ,-,-,-,X,X,-,-,-,-,-,-,X,-,-,R,-,-,-,-,X,-,0,0,0,0,0,6,7,0,0,0,0, ,0,1,0,3,4,0,0, 
00003359,11,ICA,11,ICA,01,ICA,01,ICA,ICA,HOSPITAL SANTA MARIA DEL SOCORRO,A,5,1, ,-,-,-,-,-,X,-,-,-,-,-,-,X,-,X,-,-,-,-,-,X,0,0,0,4,0,6,0,0,0,0,0, ,0,1,0,0,4,0,0, 
00003359,11,ICA,11,ICA,01,ICA,01,ICA,ICA,HOSPITAL SANTA MARIA DEL SOCORRO,A,6,1, ,-,-,-,X,-,X,-,-,-,-,-,-,X,-,X,-,-,-,-,-,X,0,2,0,0,0,6,0,0,0,0,0, ,0,1,0,0,4,0,0, 
00003359,11,ICA,11,ICA,01,ICA,01,ICA,ICA,HOSPITAL SANTA MARIA DEL SOCORRO,A,7,1, ,X,-,-,-,X,X,-,X,-,-,-,-,X,-,-,X,-,-,-,-,X,0,2,0,4,0,0,7,0,0,0,0, ,0,1,0,0,4,0,0, 
00003359,11,ICA,11,ICA,01,ICA,01,ICA,ICA,HOSPITAL SANTA MARIA DEL SOCORRO,A,8,1, ,-,X,-,-,X,-,-,-,X,-,-,-,-,-,-,-,-,-,-,-,-,0,0,0,4,0,0,7,0,0,0,0, ,0,1,0,0,4,0,0, 
00003359,11,ICA,11,ICA,01,ICA,01,ICA,ICA,HOSPITAL SANTA MARIA DEL SOCORRO,A,9,1, ,X,X,-,-,-,-,-,-,X,-,-,-,-,-,-,-,X,-,-,-,-,0,0,0,0,0,6,7,0,0,0,0, ,0,1,0,3,0,0,0, 
00003359,11,ICA,11,ICA,01,ICA,01,ICA,ICA,HOSPITAL SANTA MARIA DEL SOCORRO,A,10,1, ,X,X,X,X,X,-,-,-,-,X,-,-,-,-,-,-,-,-,-,-,-,0,0,0,4,0,0,7,0,0,0,0, ,0,1,0,0,4,0,0, 
00003359,11,ICA,11,ICA,01,ICA,01,ICA,ICA,HOSPITAL SANTA MARIA DEL SOCORRO,A,11,1, ,X,X,X,X,X,-,-,-,-,-,X,-,-,-,-,-,-,-,-,-,-,0,0,0,0,0,0,7,0,0,0,0, ,0,1,0,0,0,0,0, 
00003414,11,ICA,11,ICA,02,CHINCHA,01,CHINCHA ALTA,CHINCHA ALTA,HOSPITAL SAN JOSE DE CHINCHA,A,1,1, ,-,X,-,-,-,-,X,-,X,-,-,-,-,X,-,X,-,-,-,-,X,0,2,0,4,0,6,0,0,0,0,0, ,0,1,2,0,4,0,0, 
00003414,11,ICA,11,ICA,02,CHINCHA,01,CHINCHA ALTA,CHINCHA ALTA,HOSPITAL SAN JOSE DE CHINCHA,A,2,1, ,-,-,-,-,X,-,-,-,-,-,-,X,-,-,-,-,-,-,-,-,-,0,0,0,0,0,0,0,0,0,0,11,ADMINISTRATIVO,0, , , , , , , 
00003414,11,ICA,11,ICA,02,CHINCHA,01,CHINCHA ALTA,CHINCHA ALTA,HOSPITAL SAN JOSE DE CHINCHA,A,3,1, ,X,X,X,X,X,-,-,X,X,X,X,X,-,-,-,-,-,-,-,-,-,1,0,0,0,0,0,7,0,0,0,11,ADMINISTRATIVO,0,1,2,0,4,0,0, 
00003414,11,ICA,11,ICA,02,CHINCHA,01,CHINCHA ALTA,CHINCHA ALTA,HOSPITAL SAN JOSE DE CHINCHA,A,4,1, ,X,-,-,-,-,X,-,X,-,-,-,-,X,-,X,-,-,-,-,X,-,0,2,0,4,0,6,0,0,0,0,0, ,0,1,2,3,0,0,0, 
00003443,11,ICA,11,ICA,03,NAZCA,01,NAZCA,NAZCA,HOSPITAL DE APOYO DE NAZCA,A,1,1, ,X,X,-,-,-,-,-,X,-,-,-,-,-,-,-,-,-,-,-,-,-,0,2,0,4,0,6,7,0,0,0,0, ,0,1,2,3,4,0,0, 
00003443,11,ICA,11,ICA,03,NAZCA,01,NAZCA,NAZCA,HOSPITAL DE APOYO DE NAZCA,A,2,1, ,-,X,X,X,-,-,-,-,X,-,X,-,-,-,-,-,X,-,-,-,-,0,2,0,4,0,6,7,0,0,0,0, ,0,1,2,3,4,0,0, 
00003443,11,ICA,11,ICA,03,NAZCA,01,NAZCA,NAZCA,HOSPITAL DE APOYO DE NAZCA,A,3,2, ,X,-,-,-,-,-,X,-,-,-,-,-,-,X,X,-,-,-,-,-,-,0,2,0,4,0,6,7,0,0,0,0, ,0,1,2,3,4,0,0, 
00003443,11,ICA,11,ICA,03,NAZCA,01,NAZCA,NAZCA,HOSPITAL DE APOYO DE NAZCA,A,4,1, ,-,-,-,-,-,-,-,-,-,-,-,-,-,-,-,-,-,-,-,-,-,0,0,0,0,0,0,0,0,0,0,0, ,12, , , , , , , 
00003494,05,AYACUCHO,05,AYACUCHO,02,CANGALLO,01,CANGALLO,CANGALLO,HOSPITAL DE APOYO CANGALLO,A,1,2, ,X,X,X,X,X,X,X,X,X,X,X,X,X,X,R,R,R,R,R,R,R,1,2,0,4,0,6,7,0,9,0,0, ,0,1,2,3,4,0,6,ATENCIONES A PACIENTES GINECOLOGICAS
00003523,05,AYACUCHO,05,AYACUCHO,07,PARINACOCHAS,01,CORACORA,CORACORA,HOSPITAL DE APOYO CORA CORA,A,1,2, ,X,X,X,X,X,X,X,X,X,X,X,X,X,X,-,-,-,-,-,-,-,0,2,0,4,0,6,7,0,0,0,0, ,0,1,2,3,4,0,0, 
00003523,05,AYACUCHO,05,AYACUCHO,07,PARINACOCHAS,01,CORACORA,CORACORA,HOSPITAL DE APOYO CORA CORA,A,2,1, ,-,-,-,-,-,-,-,-,-,-,-,-,-,-,-,-,-,-,-,-,-,0,0,0,0,0,0,0,0,0,0,0, ,12, , , , , , , 
00003523,05,AYACUCHO,05,AYACUCHO,07,PARINACOCHAS,01,CORACORA,CORACORA,HOSPITAL DE APOYO CORA CORA,A,3,1, ,X,X,X,X,X,X,-,-,-,-,-,-,-,-,-,X,-,X,-,X,-,0,2,0,4,0,6,7,0,0,0,0, ,0,1,2,3,4,0,0, 
00003575,05,AYACUCHO,05,AYACUCHO,01,HUAMANGA,15,JESUS NAZARENO,LAS NAZARENAS,HOSPITAL DE APOYO JESUS NAZARENO,A,1,1, ,X,X,X,X,X,X,-,-,X,-,X,-,X,-,X,-,X,-,X,-,-,0,0,0,4,0,0,7,0,9,0,0, ,0,1,0,3,4,0,0, 
00003575,05,AYACUCHO,05,AYACUCHO,01,HUAMANGA,15,JESUS NAZARENO,LAS NAZARENAS,HOSPITAL DE APOYO JESUS NAZARENO,A,2,1, ,-,X,X,-,X,X,X,-,-,X,-,X,-,X,-,X,-,X,-,X,-,0,0,0,4,0,0,7,0,9,0,0, ,0,1,0,3,4,0,0, 
00003575,05,AYACUCHO,05,AYACUCHO,01,HUAMANGA,15,JESUS NAZARENO,LAS NAZARENAS,HOSPITAL DE APOYO JESUS NAZARENO,A,3,2, ,-,-,-,-,-,-,-,-,-,-,-,-,-,-,-,-,-,-,-,-,-,1,0,0,4,0,6,7,0,9,0,0, ,0,1,0,0,0,0,6,ATENCION GINECOLOGICA
00003655,05,AYACUCHO,05,AYACUCHO,04,HUANTA,01,HUANTA,HUANTA,HOSPITAL DE APOYO DE HUANTA DANIEL ALCIDES CARRION,A,1,1, ,-,-,X,X,-,X,X,-,-,-,X,-,-,X,-,-,-,-,-,-,-,0,0,0,0,0,6,7,0,9,0,0, ,0,1,0,0,4,0,0, 
00003655,05,AYACUCHO,05,AYACUCHO,04,HUANTA,01,HUANTA,HUANTA,HOSPITAL DE APOYO DE HUANTA DANIEL ALCIDES CARRION,A,2,1, ,-,-,-,-,-,-,-,-,-,-,-,-,-,-,-,-,-,-,-,-,-,0,0,0,4,0,0,7,0,9,0,0, ,0,1,0,0,4,0,0, 
00003655,05,AYACUCHO,05,AYACUCHO,04,HUANTA,01,HUANTA,HUANTA,HOSPITAL DE APOYO DE HUANTA DANIEL ALCIDES CARRION,A,3,1, ,-,-,-,-,-,-,-,-,-,-,-,-,-,-,-,-,-,-,-,-,-,1,0,0,4,0,0,7,0,9,0,0, ,0,1,2,0,4,0,0, 
00003655,05,AYACUCHO,05,AYACUCHO,04,HUANTA,01,HUANTA,HUANTA,HOSPITAL DE APOYO DE HUANTA DANIEL ALCIDES CARRION,A,4,2, ,X,X,X,-,X,-,-,X,X,X,-,X,-,-,-,-,-,X,-,X,-,0,0,0,4,0,6,7,0,9,0,0, ,0,1,2,0,4,0,0, 
00003727,05,AYACUCHO,05,AYACUCHO,06,LUCANAS,01,PUQUIO,PUQUIO,HOSPITAL DE APOYO DE PUQUIO FELIPE POMA DE AYALA,A,1,2, ,-,-,-,-,-,-,-,-,-,-,-,-,-,-,-,-,-,-,-,-,-,0,0,0,4,0,6,7,0,0,0,0, ,0,1,2,3,4,0,0, 
00003727,05,AYACUCHO,05,AYACUCHO,06,LUCANAS,01,PUQUIO,PUQUIO,HOSPITAL DE APOYO DE PUQUIO FELIPE POMA DE AYALA,A,2,2, ,-,-,-,-,-,-,-,-,-,-,-,-,-,-,-,-,-,-,-,-,-,0,0,0,4,0,6,7,0,0,0,0, ,0,1,2,3,4,0,0, 
00003754,05,AYACUCHO,05,AYACUCHO,05,LA MAR,03,AYNA,SAN FRANCISCO,HOSPITAL DE APOYO SAN FRANCISCO,A,1,2, ,X,X,X,X,X,-,-,X,X,X,X,-,-,-,-,-,-,-,-,-,-,1,2,0,4,0,6,7,0,0,0,0, ,0,1,2,3,4,0,0, 
00003754,05,AYACUCHO,05,AYACUCHO,05,LA MAR,03,AYNA,SAN FRANCISCO,HOSPITAL DE APOYO SAN FRANCISCO,A,2,2, ,-,-,-,-,-,-,-,-,-,-,-,-,-,-,-,-,-,-,-,-,-,1,2,0,4,0,6,7,0,0,0,0, ,0,1,2,3,4,0,0, 
00003917,09,HUANCAVELICA,09,HUANCAVELICA,02,ACOBAMBA,01,ACOBAMBA,ACOBAMBA,HOSPITAL PROVINCIAL DE ACOBAMBA,A,1,2, ,X,X,X,-,-,-,-,X,X,X,-,-,-,-,R,R,R,-,-,-,-,0,2,0,4,0,6,7,0,9,0,11,ECOGRAFIA,0,1,2,0,4,0,6,ATENCION GINECOLOGICA TOMA DE ECOGRAFIAS GINECO
00003917,09,HUANCAVELICA,09,HUANCAVELICA,02,ACOBAMBA,01,ACOBAMBA,ACOBAMBA,HOSPITAL PROVINCIAL DE ACOBAMBA,A,2,2, ,-,-,-,X,X,X,X,-,-,-,X,X,X,X,-,-,-,R,R,R,R,0,2,0,4,0,6,7,0,9,0,11,ECOGRAFIA,0,1,2,0,4,0,6,ATENCION GINECOLOGICA TOMA DE ECOGRAFIAS GINECOLOGICAS
00003943,09,HUANCAVELICA,09,HUANCAVELICA,03,ANGARAES,01,LIRCAY,LIRCAY,HOSPITAL DE LIRCAY,A,1,2, ,X,-,-,-,-,-,-,X,-,-,-,-,-,-,R,-,-,-,-,-,-,1,2,0,4,0,6,7,0,9,0,0, ,0,1,2,3,4,0,0, 
00003943,09,HUANCAVELICA,09,HUANCAVELICA,03,ANGARAES,01,LIRCAY,LIRCAY,HOSPITAL DE LIRCAY,A,2,2, ,-,-,-,-,-,-,X,-,-,-,-,-,-,X,-,-,-,-,-,-,R,1,2,0,4,0,6,7,0,9,0,0, ,0,1,2,3,4,0,0, 
00004074,09,HUANCAVELICA,09,HUANCAVELICA,07,TAYACAJA,01,PAMPAS,PAMPAS,HOSPITAL DE PAMPAS,A,1,2, ,-,-,-,-,-,-,-,-,-,-,-,-,-,-,-,-,-,-,-,-,-,1,2,0,4,0,6,7,0,9,0,11,ECOGRAFIA,0,1,2,3,4,0,0, 
00004074,09,HUANCAVELICA,09,HUANCAVELICA,07,TAYACAJA,01,PAMPAS,PAMPAS,HOSPITAL DE PAMPAS,A,2,1, ,-,-,-,-,-,-,-,-,-,-,-,-,-,-,-,-,-,-,-,-,-,1,2,0,4,0,6,7,0,9,0,11,ECOGRAFIA,0,1,2,3,4,0,0, 
00004074,09,HUANCAVELICA,09,HUANCAVELICA,07,TAYACAJA,01,PAMPAS,PAMPAS,HOSPITAL DE PAMPAS,A,3,2, ,X,X,X,X,X,X,X,X,X,X,X,X,X,X,-,-,-,-,-,-,-,1,2,0,4,0,6,7,0,9,0,11,ECOGRAFIA,0,1,2,3,4,0,0, 
00004074,09,HUANCAVELICA,09,HUANCAVELICA,07,TAYACAJA,01,PAMPAS,PAMPAS,HOSPITAL DE PAMPAS,A,4,1, ,-,-,-,-,-,-,-,-,-,-,-,-,-,-,-,-,-,-,-,-,-,1,2,3,4,0,6,7,0,9,0,11,ECOGRAFIA,0,1,2,3,4,0,0, 
00004074,09,HUANCAVELICA,09,HUANCAVELICA,07,TAYACAJA,01,PAMPAS,PAMPAS,HOSPITAL DE PAMPAS,A,5,2, ,X,X,X,X,X,X,X,X,X,X,X,X,X,X,-,-,-,-,-,-,-,1,2,0,4,0,6,7,0,9,0,11,ECOGRAFIA,0,1,2,3,4,0,0, 
00004074,09,HUANCAVELICA,09,HUANCAVELICA,07,TAYACAJA,01,PAMPAS,PAMPAS,HOSPITAL DE PAMPAS,A,6,2, ,X,X,X,X,X,X,X,X,X,X,X,X,X,X,-,-,-,-,-,-,-,1,2,0,4,0,6,7,0,9,0,11,ECOGRAFIA,0,1,2,3,4,0,0, 
00004140,03,APURIMAC,03,APURIMAC,06,CHINCHEROS,01,CHINCHEROS,CHINCHEROS,HOSPITAL DE CHINCHEROS,A,1,2, ,X,X,X,X,X,-,-,X,X,X,X,X,-,-,-,-,-,-,-,-,-,1,2,0,4,0,6,7,0,0,0,0, ,0,1,2,3,4,0,0, 
00004210,06,CAJAMARCA,06,CAJAMARCA,08,JAEN,01,JAEN,JAEN,HOSPITAL GENERAL DE JAEN,A,1,1, ,-,X,-,-,-,-,-,-,-,-,-,-,-,-,-,X,-,-,-,-,-,0,2,0,4,0,6,0,0,0,0,0, ,0,1,2,3,4,0,0, 
00004210,06,CAJAMARCA,06,CAJAMARCA,08,JAEN,01,JAEN,JAEN,HOSPITAL GENERAL DE JAEN,A,2,1, ,X,-,X,X,-,-,-,-,-,-,-,-,X,-,-,-,X,-,-,-,-,0,2,0,4,0,6,7,0,0,0,0, ,0,1,2,3,4,0,0, 
00004210,06,CAJAMARCA,06,CAJAMARCA,08,JAEN,01,JAEN,JAEN,HOSPITAL GENERAL DE JAEN,A,3,1, ,X,-,X,-,X,X,-,-,-,X,-,-,-,-,X,-,-,-,-,-,-,0,2,0,4,0,6,7,0,0,0,11,CONSULTORIO EXTERNO CACU,0,1,2,3,4,0,0, 
00004210,06,CAJAMARCA,06,CAJAMARCA,08,JAEN,01,JAEN,JAEN,HOSPITAL GENERAL DE JAEN,A,4,1, ,-,X,-,X,X,-,-,-,-,-,X,-,-,-,-,-,-,-,X,-,-,0,2,0,4,0,6,7,0,0,0,0, ,0,1,2,3,4,0,0, 
00004210,06,CAJAMARCA,06,CAJAMARCA,08,JAEN,01,JAEN,JAEN,HOSPITAL GENERAL DE JAEN,A,5,1, ,-,X,-,X,-,X,-,-,X,-,-,-,-,-,-,-,-,-,-,-,-,0,0,0,4,0,6,7,0,0,0,0, ,0,1,0,3,4,0,0, 
00004223,06,CAJAMARCA,06,CAJAMARCA,08,JAEN,02,BELLAVISTA,BELLAVISTA,HOSPITAL SAN JAVIER DEL MARAÑON,A,1,1, ,-,-,-,-,-,-,-,-,-,-,-,-,-,-,-,-,-,-,-,-,-,0,2,0,4,0,0,0,0,0,0,0, ,0,0,2,0,4,0,0, 
00004223,06,CAJAMARCA,06,CAJAMARCA,08,JAEN,02,BELLAVISTA,BELLAVISTA,HOSPITAL SAN JAVIER DEL MARAÑON,A,2,1, ,X,X,X,-,-,-,-,-,X,-,-,-,-,-,X,-,-,-,-,-,-,0,2,3,0,5,6,7,0,9,10,0, ,0,1,2,3,4,0,0, 
00004370,14,LAMBAYEQUE,14,LAMBAYEQUE,03,LAMBAYEQUE,01,LAMBAYEQUE,LAMBAYEQUE,HOSPITAL PROVINCIAL DOCENTE BELEN,A,1,1, ,X,X,X,X,X,-,-,-,-,-,-,X,-,-,-,-,-,-,-,-,-,0,2,0,4,0,6,7,0,0,0,0, ,0,1,2,0,4,0,6,ATENCION DE PACIENTES GINECOLOGICAS Y DE EMERGENCIAS GINECOLOGICAS
00004370,14,LAMBAYEQUE,14,LAMBAYEQUE,03,LAMBAYEQUE,01,LAMBAYEQUE,LAMBAYEQUE,HOSPITAL PROVINCIAL DOCENTE BELEN,A,2,1, ,X,X,X,-,X,X,-,-,-,X,-,-,-,-,-,-,-,-,-,-,X,1,2,0,4,0,6,7,0,0,0,0, ,0,1,2,0,4,0,6,ATENCION DE CONSULTAS DE GINECOLOGIA Y EMERGENCIAS GINECOLOGICAS
00004370,14,LAMBAYEQUE,14,LAMBAYEQUE,03,LAMBAYEQUE,01,LAMBAYEQUE,LAMBAYEQUE,HOSPITAL PROVINCIAL DOCENTE BELEN,A,3,2, ,-,-,-,X,X,-,-,-,-,-,-,-,-,-,-,X,-,-,-,-,-,1,2,0,4,0,6,7,0,0,0,0, ,0,1,2,0,4,0,6,COMPLICACIONES GINECOLOGICAS
00004370,14,LAMBAYEQUE,14,LAMBAYEQUE,03,LAMBAYEQUE,01,LAMBAYEQUE,LAMBAYEQUE,HOSPITAL PROVINCIAL DOCENTE BELEN,A,4,2, ,-,X,X,X,-,-,-,-,-,-,X,-,-,-,-,-,-,-,-,-,-,1,2,0,4,0,6,0,0,0,0,0, ,0,0,2,0,4,0,6,EMERGENCIAS GINECOLOGICAS
00004370,14,LAMBAYEQUE,14,LAMBAYEQUE,03,LAMBAYEQUE,01,LAMBAYEQUE,LAMBAYEQUE,HOSPITAL PROVINCIAL DOCENTE BELEN,A,5,1, ,-,X,-,-,-,-,-,-,-,-,-,-,-,-,-,-,-,-,-,X,-,1,2,0,4,0,6,0,0,0,0,0, ,0,1,2,0,4,0,6,COMPLICACIONES GINECOLOGICAS
00004370,14,LAMBAYEQUE,14,LAMBAYEQUE,03,LAMBAYEQUE,01,LAMBAYEQUE,LAMBAYEQUE,HOSPITAL PROVINCIAL DOCENTE BELEN,A,6,1, ,-,-,X,X,X,X,-,-,-,-,-,X,-,-,X,-,-,-,-,-,-,1,2,0,4,0,6,7,0,0,0,0, ,0,1,2,0,4,0,6,ATENCION DE COMPLICACIONES GINECOLOGICAS
00004370,14,LAMBAYEQUE,14,LAMBAYEQUE,03,LAMBAYEQUE,01,LAMBAYEQUE,LAMBAYEQUE,HOSPITAL PROVINCIAL DOCENTE BELEN,A,7,1, ,-,-,-,-,-,-,-,-,-,-,-,-,-,-,-,-,-,-,-,-,-,0,0,0,0,0,0,0,0,0,0,0, ,12, , , , , , , 
00004440,14,LAMBAYEQUE,14,LAMBAYEQUE,02,FERREÑAFE,01,FERREÑAFE,FERREÑAFE,HOSPITAL REFERENCIAL DE FERREÑAFE,A,1,1, ,-,-,-,-,-,-,-,-,-,-,-,-,-,-,-,-,-,-,-,-,-,0,2,0,4,0,6,7,0,9,0,0, ,0,1,2,0,4,0,6,PACIENTES GINCOLOGICAS ECOGRAFIAS
00004440,14,LAMBAYEQUE,14,LAMBAYEQUE,02,FERREÑAFE,01,FERREÑAFE,FERREÑAFE,HOSPITAL REFERENCIAL DE FERREÑAFE,A,2,1, ,-,-,-,-,-,-,-,-,-,-,-,-,-,-,-,-,-,-,-,-,-,0,2,0,4,0,6,7,0,9,0,0, ,0,1,2,0,4,0,0, 
00004440,14,LAMBAYEQUE,14,LAMBAYEQUE,02,FERREÑAFE,01,FERREÑAFE,FERREÑAFE,HOSPITAL REFERENCIAL DE FERREÑAFE,A,3,1, ,-,X,-,X,X,X,X,-,X,-,X,X,X,-,-,X,X,X,-,X,X,0,2,0,4,0,6,7,0,9,0,0, ,0,1,2,0,4,0,6,PACIENTES GINECOLOGICAS
00004511,06,CAJAMARCA,06,CAJAMARCA,02,CAJABAMBA,01,CAJABAMBA,CAJABAMBA,HOSPITAL DE APOYO NUESTRA SEÑORA DEL ROSARIO CAJABAMBA,A,1,1, ,-,X,-,X,X,-,-,-,-,-,-,-,-,-,-,-,X,-,X,-,-,1,0,0,4,0,6,7,0,0,0,0, ,0,1,0,0,4,0,0, 
00004511,06,CAJAMARCA,06,CAJAMARCA,02,CAJABAMBA,01,CAJABAMBA,CAJABAMBA,HOSPITAL DE APOYO NUESTRA SEÑORA DEL ROSARIO CAJABAMBA,A,2,1, ,X,-,X,-,-,X,-,-,-,-,-,-,-,-,X,-,-,X,-,-,-,0,0,0,4,0,6,7,0,0,0,0, ,0,1,0,0,4,0,0, 
00004511,06,CAJAMARCA,06,CAJAMARCA,02,CAJABAMBA,01,CAJABAMBA,CAJABAMBA,HOSPITAL DE APOYO NUESTRA SEÑORA DEL ROSARIO CAJABAMBA,A,3,1, ,-,-,-,-,-,-,-,-,-,-,-,-,-,-,-,-,-,-,-,-,-,0,0,0,0,0,0,0,0,0,0,0, ,12, , , , , , , 
00004659,06,CAJAMARCA,06,CAJAMARCA,04,CHOTA,01,CHOTA,CHOTA,HOSPITAL DE APOYO CHOTA- JOSE SOTO CADENILLAS,A,1,1, ,-,-,X,X,X,X,-,-,-,-,-,R,-,-,-,-,-,-,X,-,-,1,2,0,4,0,6,7,0,9,0,0, ,0,1,2,0,4,0,0, 
00004659,06,CAJAMARCA,06,CAJAMARCA,04,CHOTA,01,CHOTA,CHOTA,HOSPITAL DE APOYO CHOTA- JOSE SOTO CADENILLAS,A,2,1, ,-,-,-,-,-,X,X,-,-,-,-,-,R,R,-,-,-,X,-,R,X,1,2,0,4,0,6,0,0,0,0,0, ,0,0,2,0,4,0,0, 
00004659,06,CAJAMARCA,06,CAJAMARCA,04,CHOTA,01,CHOTA,CHOTA,HOSPITAL DE APOYO CHOTA- JOSE SOTO CADENILLAS,A,3,2, ,X,X,X,X,-,-,-,X,X,X,X,-,-,-,R,R,R,R,-,-,-,0,2,0,4,0,6,0,0,0,0,0, ,0,1,2,0,4,0,0, 
00004782,06,CAJAMARCA,06,CAJAMARCA,07,HUALGAYOC,01,BAMBAMARCA,BAMBAMARCA,HOSPITAL BAMBAMARCA TITO VILLAR CABEZA,A,1,2, ,-,-,-,-,-,-,-,-,-,-,-,-,-,-,-,-,-,-,-,-,-,0,0,0,0,0,0,0,0,0,0,0, ,12, , , , , , , 
00004782,06,CAJAMARCA,06,CAJAMARCA,07,HUALGAYOC,01,BAMBAMARCA,BAMBAMARCA,HOSPITAL BAMBAMARCA TITO VILLAR CABEZA,A,2,2, ,-,X,X,X,X,X,X,-,R,R,R,R,R,R,-,R,R,R,R,R,R,0,2,0,4,0,6,7,0,9,0,0, ,0,1,2,0,4,0,0, 
00004981,06,CAJAMARCA,06,CAJAMARCA,06,CUTERVO,01,CUTERVO,CUTERVO,HOSPITAL SANTA MARIA DE CUTERVO,A,1,1, ,-,-,-,-,-,R,X,-,-,-,-,-,X,R,-,-,-,-,-,R,R,0,2,0,4,0,6,7,0,9,0,0, ,0,1,2,0,4,0,0, 
00005044,01,AMAZONAS,01,AMAZONAS,02,BAGUA,01,LA PECA,BAGUA,HOSPITAL DE APOYO GUSTAVO LANATTA LUJAN,A,1,1, ,-,X,-,-,X,-,-,-,-,-,-,-,-,-,-,X,X,-,X,-,X,0,2,0,4,0,6,7,0,0,0,0, ,0,1,2,3,4,5,0, 
00005044,01,AMAZONAS,01,AMAZONAS,02,BAGUA,01,LA PECA,BAGUA,HOSPITAL DE APOYO GUSTAVO LANATTA LUJAN,A,2,1, ,-,-,-,-,-,-,X,-,-,-,-,-,-,X,-,-,-,-,-,-,-,0,2,0,4,0,6,7,0,0,0,0, ,0,1,2,3,4,0,0, 
00005044,01,AMAZONAS,01,AMAZONAS,02,BAGUA,01,LA PECA,BAGUA,HOSPITAL DE APOYO GUSTAVO LANATTA LUJAN,A,3,1, ,-,-,-,-,-,-,-,-,-,-,-,-,-,-,-,-,-,-,-,-,-,0,0,0,0,0,0,0,0,0,0,0, ,12, , , , , , , 
00005125,01,AMAZONAS,01,AMAZONAS,07,UTCUBAMBA,01,BAGUA GRANDE,BAGUA GRANDE,HOSPITAL DE APOYO I SANTIAGO APOSTOL DE UTCUBAMBA,A,1,1, ,-,-,-,-,R,-,X,-,-,-,-,R,-,X,-,-,-,X,X,-,X,1,2,0,4,0,6,7,0,0,0,0, ,0,1,2,3,4,0,6,ATENCION GINECOLOGICA
00005204,13,LA LIBERTAD,13,LA LIBERTAD,01,TRUJILLO,01,TRUJILLO,TRUJILLO,HOSPITAL DE ESPECIALIDADES BASICAS LA NORIA,A,1,1, ,-,-,-,-,-,-,-,-,-,-,-,-,-,-,-,-,-,-,-,-,-,0,0,0,0,0,0,0,0,0,0,0, ,12, , , , , , , 
00005204,13,LA LIBERTAD,13,LA LIBERTAD,01,TRUJILLO,01,TRUJILLO,TRUJILLO,HOSPITAL DE ESPECIALIDADES BASICAS LA NORIA,A,2,1, ,X,-,X,-,-,-,-,-,-,-,-,X,-,-,-,-,X,-,-,-,-,0,0,0,4,0,6,7,0,9,0,0, ,0,1,0,0,4,0,0, 
00005204,13,LA LIBERTAD,13,LA LIBERTAD,01,TRUJILLO,01,TRUJILLO,TRUJILLO,HOSPITAL DE ESPECIALIDADES BASICAS LA NORIA,A,3,1, ,X,X,-,-,X,-,X,-,-,-,-,-,-,X,-,X,-,-,-,-,-,0,0,0,0,0,0,7,0,9,0,0, ,0,1,0,0,0,0,0, 
00005204,13,LA LIBERTAD,13,LA LIBERTAD,01,TRUJILLO,01,TRUJILLO,TRUJILLO,HOSPITAL DE ESPECIALIDADES BASICAS LA NORIA,A,4,1, ,-,-,X,-,-,X,-,-,-,-,X,-,-,-,X,-,-,-,-,-,-,0,0,0,4,0,6,7,0,9,0,0, ,0,1,0,0,4,0,0, 
00005209,13,LA LIBERTAD,13,LA LIBERTAD,01,TRUJILLO,02,EL PORVENIR,EL PORVENIR,HOSPITAL DISTRITAL DEL PORVENIR SANTA ISABEL,A,1,1, ,-,X,-,X,X,-,-,X,-,-,-,-,-,-,-,X,-,-,-,-,-,0,2,0,4,0,6,7,0,0,0,0, ,0,1,2,0,4,0,0, 
00005226,13,LA LIBERTAD,13,LA LIBERTAD,01,TRUJILLO,05,LA ESPERANZA,LA ESPERANZA,HOSPITAL DISTRITAL JERUSALEN,A,1,1, ,-,X,X,-,-,-,-,-,-,-,-,-,-,-,-,-,-,X,-,X,-,1,2,0,4,5,0,7,0,0,0,0, ,0,1,2,3,4,0,0, 
00005226,13,LA LIBERTAD,13,LA LIBERTAD,01,TRUJILLO,05,LA ESPERANZA,LA ESPERANZA,HOSPITAL DISTRITAL JERUSALEN,A,2,1, ,X,-,X,-,X,X,-,-,-,-,-,-,-,-,-,-,X,-,-,-,-,1,2,0,4,5,0,7,0,9,0,0, ,0,1,2,3,4,0,0, 
00005226,13,LA LIBERTAD,13,LA LIBERTAD,01,TRUJILLO,05,LA ESPERANZA,LA ESPERANZA,HOSPITAL DISTRITAL JERUSALEN,A,3,1, ,X,-,-,X,X,-,-,-,-,-,-,-,-,-,-,-,-,-,-,-,-,1,0,0,4,5,0,7,0,0,0,0, ,0,1,2,3,4,0,0, 
00005243,13,LA LIBERTAD,13,LA LIBERTAD,01,TRUJILLO,11,VICTOR LARCO HERRERA,BUENOS AIRES,HOSPITAL DISTRITAL VISTA ALEGRE,A,1,1, ,X,-,-,X,X,X,-,-,-,-,-,-,-,-,-,X,-,-,-,-,-,0,2,0,4,0,6,0,0,9,0,0, ,0,1,2,0,0,0,0, 
00005292,13,LA LIBERTAD,13,LA LIBERTAD,07,PACASMAYO,02,GUADALUPE,GUADALUPE,HOSPITAL DE APOYO TOMAS LA FORA,A,1,2, ,-,-,X,-,-,-,-,-,-,X,-,-,-,-,-,-,-,-,-,-,-,0,2,0,0,0,0,7,0,0,0,0, ,0,1,2,0,0,0,6,ATENCION DE MUJERES CON PROBLEMAS GINECOLOGICOS
00005292,13,LA LIBERTAD,13,LA LIBERTAD,07,PACASMAYO,02,GUADALUPE,GUADALUPE,HOSPITAL DE APOYO TOMAS LA FORA,A,2,2, ,-,-,-,-,-,-,-,-,-,-,-,-,-,-,-,-,-,-,-,-,-,0,2,0,4,0,6,7,0,0,0,0, ,0,1,2,0,4,0,6,ATENCION DE MUJERES CON PROBLEMAS GINECOLOGICOS
00005292,13,LA LIBERTAD,13,LA LIBERTAD,07,PACASMAYO,02,GUADALUPE,GUADALUPE,HOSPITAL DE APOYO TOMAS LA FORA,A,3,1, ,-,-,-,-,-,-,-,-,-,-,-,-,-,-,-,-,-,-,-,-,-,0,0,0,4,0,6,0,0,0,0,0, ,0,0,0,0,4,0,0, 
00005299,13,LA LIBERTAD,13,LA LIBERTAD,04,CHEPEN,01,CHEPEN,CHEPEN,HOSPITAL DE APOYO CHEPEN,A,1,1, ,X,-,X,-,-,-,X,-,-,-,-,-,-,X,-,-,X,-,-,-,-,0,0,3,4,0,6,7,0,0,0,11,HOSPITALIZACION GINECOLOGICA,0,1,0,3,4,0,6,ATENCION DE PCTES CON PROBLEMAS GINECOLOGICOS
00005299,13,LA LIBERTAD,13,LA LIBERTAD,04,CHEPEN,01,CHEPEN,CHEPEN,HOSPITAL DE APOYO CHEPEN,A,2,1, ,-,-,X,X,X,-,-,-,-,-,-,-,-,-,-,-,-,-,X,-,-,0,0,3,4,0,6,7,0,0,0,11,HOSPITALIZACION GINECOLOGICA,0,1,0,3,4,0,6,ATENCION DE PCTES CON PROBLEMAS GINECOLOGICOS
00005299,13,LA LIBERTAD,13,LA LIBERTAD,04,CHEPEN,01,CHEPEN,CHEPEN,HOSPITAL DE APOYO CHEPEN,A,3,1, ,X,-,X,-,-,-,-,-,-,X,-,-,-,-,X,-,-,-,-,X,-,0,0,3,4,0,6,7,0,0,0,11,HOSPITALIZACION GINECOLOGICA,0,1,0,3,4,0,6,ATENCION DE PCTES CON PROBLEMAS GINECOLOGICOS
00005314,13,LA LIBERTAD,13,LA LIBERTAD,06,OTUZCO,01,OTUZCO,OTUZCO,HOSPITAL DE APOYO OTUZCO ELPIDIO BEROVIDEZ PEREZ,A,1,1, ,X,-,-,-,-,-,-,X,-,-,-,-,-,-,-,-,-,-,-,-,-,0,2,3,4,0,6,7,0,0,0,11,HOSPITALIZACION GINECOLOGICA,0,1,2,3,4,0,6,ATENCION DE PCTES CON PROBLEMAS GINECOLOGICOS
00005349,13,LA LIBERTAD,13,LA LIBERTAD,09,SANCHEZ CARRION,01,HUAMACHUCO,HUAMACHUCO,HOSPITAL LEONCIO PRADO,A,1,1, ,-,-,-,X,X,-,-,-,-,-,-,-,-,-,-,-,-,-,-,X,-,0,0,0,4,0,6,7,0,0,0,0, ,0,1,0,3,4,0,0, 
00005349,13,LA LIBERTAD,13,LA LIBERTAD,09,SANCHEZ CARRION,01,HUAMACHUCO,HUAMACHUCO,HOSPITAL LEONCIO PRADO,A,2,1, ,-,-,-,-,-,-,-,-,-,-,-,-,-,-,X,-,X,-,-,-,-,0,0,0,4,0,6,0,0,0,0,0, ,0,0,0,3,4,0,0, 
00005577,25,UCAYALI,25,UCAYALI,01,CORONEL PORTILLO,05,YARINACOCHA,PUERTO CALLAO,HOSPITAL AMAZONICO,A,1,2, ,-,-,-,-,-,-,-,-,-,-,-,-,-,-,-,-,-,-,-,-,-,0,0,0,0,0,0,0,0,0,0,0, ,12, , , , , , , 
00005577,25,UCAYALI,25,UCAYALI,01,CORONEL PORTILLO,05,YARINACOCHA,PUERTO CALLAO,HOSPITAL AMAZONICO,A,2,2, ,-,-,-,X,X,X,X,-,-,-,X,X,X,-,-,-,-,-,-,-,-,0,2,0,4,0,6,7,0,0,0,0, ,0,1,2,3,4,0,0, 
00005577,25,UCAYALI,25,UCAYALI,01,CORONEL PORTILLO,05,YARINACOCHA,PUERTO CALLAO,HOSPITAL AMAZONICO,A,3,1, ,X,X,X,X,X,X,-,X,X,X,X,X,X,-,-,-,-,-,-,-,-,0,2,0,0,0,6,0,0,0,0,0, ,0,1,2,3,0,0,0, 
00005577,25,UCAYALI,25,UCAYALI,01,CORONEL PORTILLO,05,YARINACOCHA,PUERTO CALLAO,HOSPITAL AMAZONICO,A,4,1, ,-,X,X,-,-,X,X,-,-,-,-,-,-,-,-,-,-,X,-,-,-,0,2,0,0,0,6,7,0,0,0,0, ,0,0,2,3,0,0,0, 
00005644,15,LIMA,15,LIMA,01,LIMA,28,RIMAC,RIMAC,CENTRO MATERNO INFANTIL RIMAC,A,1,1, ,X,-,-,-,-,X,-,X,-,-,-,-,-,-,-,-,-,-,-,X,-,1,0,0,4,0,6,0,0,0,0,0, ,0,1,2,3,4,0,0, 
00005644,15,LIMA,15,LIMA,01,LIMA,28,RIMAC,RIMAC,CENTRO MATERNO INFANTIL RIMAC,A,2,1, ,-,-,-,-,-,-,-,-,-,-,-,-,-,-,-,-,-,-,-,-,-,0,0,0,0,0,0,0,0,0,0,0, ,12, , , , , , , 
00005644,15,LIMA,15,LIMA,01,LIMA,28,RIMAC,RIMAC,CENTRO MATERNO INFANTIL RIMAC,A,3,1, ,-,-,-,X,X,-,-,-,-,-,X,-,-,-,-,-,-,-,X,-,-,1,0,0,4,0,6,0,0,0,0,0, ,0,1,2,3,4,0,0, 
00005644,15,LIMA,15,LIMA,01,LIMA,28,RIMAC,RIMAC,CENTRO MATERNO INFANTIL RIMAC,A,4,2, ,X,X,X,-,-,-,-,-,X,-,-,-,-,-,-,-,X,-,-,-,-,1,0,0,4,0,6,7,8,0,0,0, ,0,1,2,3,4,5,6,MUJERES EN EDAD FERTIL
00005644,15,LIMA,15,LIMA,01,LIMA,28,RIMAC,RIMAC,CENTRO MATERNO INFANTIL RIMAC,A,5,1, ,-,-,X,X,-,-,-,-,-,X,-,-,-,-,-,-,-,X,-,-,-,1,0,0,4,0,6,7,0,0,0,0, ,0,1,2,3,0,0,6,ATENCION A MUJERES EN EDAD FERTIL
00005791,15,LIMA,15,LIMA,01,LIMA,12,INDEPENDENCIA,INDEPENDENCIA,CENTRO DE SALUD TAHUANTINSUYO BAJO,A,1,1, ,-,-,-,-,X,-,-,-,-,-,-,X,-,-,-,X,-,-,X,-,-,1,0,0,4,0,6,7,0,0,0,0, ,0,1,2,3,4,0,0, 
00005791,15,LIMA,15,LIMA,01,LIMA,12,INDEPENDENCIA,INDEPENDENCIA,CENTRO DE SALUD TAHUANTINSUYO BAJO,A,2,1, ,-,X,X,-,-,-,-,-,X,X,-,-,-,-,-,-,X,-,-,X,-,1,0,0,4,0,6,7,0,0,0,0, ,0,1,2,3,4,0,0, 
00005791,15,LIMA,15,LIMA,01,LIMA,12,INDEPENDENCIA,INDEPENDENCIA,CENTRO DE SALUD TAHUANTINSUYO BAJO,A,3,1, ,X,X,X,-,X,-,-,X,X,X,-,X,-,-,-,-,-,-,-,-,-,1,0,0,4,0,6,7,0,0,0,0, ,0,1,2,3,4,0,0, 
00005791,15,LIMA,15,LIMA,01,LIMA,12,INDEPENDENCIA,INDEPENDENCIA,CENTRO DE SALUD TAHUANTINSUYO BAJO,A,4,2, ,X,X,-,-,-,-,-,-,-,X,X,-,-,-,-,-,-,-,-,-,X,1,0,0,4,0,6,7,0,0,0,11,COLPOSCOPIA,0,1,2,3,4,0,6,ATENCION MEF
00005791,15,LIMA,15,LIMA,01,LIMA,12,INDEPENDENCIA,INDEPENDENCIA,CENTRO DE SALUD TAHUANTINSUYO BAJO,A,5,2, ,-,-,-,-,-,X,-,-,X,-,-,X,X,-,-,X,-,-,-,-,-,1,0,0,4,0,6,7,0,0,0,0, ,0,1,2,3,4,0,0, 
00005791,15,LIMA,15,LIMA,01,LIMA,12,INDEPENDENCIA,INDEPENDENCIA,CENTRO DE SALUD TAHUANTINSUYO BAJO,A,6,2, ,-,-,-,-,-,-,X,X,-,-,-,-,X,X,X,-,-,-,-,-,-,1,0,0,4,0,6,7,0,0,0,0, ,0,1,2,3,4,0,0, 
00005799,15,LIMA,15,LIMA,01,LIMA,17,LOS OLIVOS,LAS PALMERAS,CENTRO DE SALUD CLAS JUAN PABLO II,A,1,2, ,X,X,X,-,-,-,-,X,-,-,-,-,-,-,-,-,-,X,-,-,-,1,0,0,4,0,6,7,0,0,0,0, ,0,1,0,0,4,5,6,CONSULTORIO GINECOLOGICO
00005799,15,LIMA,15,LIMA,01,LIMA,17,LOS OLIVOS,LAS PALMERAS,CENTRO DE SALUD CLAS JUAN PABLO II,A,2,2, ,-,-,-,X,X,-,-,-,-,X,X,-,-,-,X,-,-,-,-,-,-,1,0,0,4,0,6,7,0,0,0,0, ,0,1,0,0,4,0,6,ATENCIONES GINECOLOGICAS
00005816,15,LIMA,15,LIMA,01,LIMA,25,PUENTE PIEDRA,PUENTE PIEDRA,CENTRO DE SALUD MATERNO INFANTIL DR ENRIQUE MARTIN ALTUNA,A,1,1, ,-,X,-,-,-,-,-,-,-,-,-,-,-,-,-,-,-,X,-,X,-,1,0,0,4,0,6,7,0,9,0,0, ,0,1,2,3,4,0,6,MUJERES EN EDAD FERTIL
00005816,15,LIMA,15,LIMA,01,LIMA,25,PUENTE PIEDRA,PUENTE PIEDRA,CENTRO DE SALUD MATERNO INFANTIL DR ENRIQUE MARTIN ALTUNA,A,2,1, ,-,-,-,-,-,-,-,-,-,-,-,-,-,-,-,-,-,-,-,-,-,0,0,0,0,0,0,0,0,0,0,0, ,12, , , , , , , 
00005850,15,LIMA,15,LIMA,07,HUAROCHIRI,01,MATUCANA,MATUCANA,HOSPITAL SAN JUAN DE MATUCANA,A,1,1, ,-,X,-,-,-,-,-,X,-,-,-,-,-,-,X,-,-,-,-,-,-,1,2,0,4,0,6,7,0,0,0,0, ,0,1,2,3,4,0,0, 
00005850,15,LIMA,15,LIMA,07,HUAROCHIRI,01,MATUCANA,MATUCANA,HOSPITAL SAN JUAN DE MATUCANA,A,2,2, ,-,X,X,-,-,-,-,-,X,X,-,-,-,-,-,X,X,-,-,-,-,1,2,0,4,0,6,7,0,0,0,0, ,0,1,2,3,4,0,0, 
00005883,15,LIMA,15,LIMA,01,LIMA,03,ATE,VITARTE,HOSPITAL DE BAJA COMPLEJIDAD HUAYCAN,A,1,1, ,X,-,X,-,-,-,-,X,-,X,-,X,-,-,-,-,-,-,X,-,-,1,2,0,4,0,6,7,0,0,0,0, ,0,1,2,3,4,0,0, 
00005883,15,LIMA,15,LIMA,01,LIMA,03,ATE,VITARTE,HOSPITAL DE BAJA COMPLEJIDAD HUAYCAN,A,2,1, ,X,-,-,-,X,-,-,X,-,-,-,X,-,-,-,-,X,-,-,-,-,1,2,0,4,0,6,7,0,0,0,0, ,0,1,2,3,4,0,0, 
00005883,15,LIMA,15,LIMA,01,LIMA,03,ATE,VITARTE,HOSPITAL DE BAJA COMPLEJIDAD HUAYCAN,A,3,1, ,-,-,-,X,-,-,-,-,-,-,X,-,-,-,-,X,-,-,-,-,X,1,2,0,4,0,6,7,0,0,0,0, ,0,1,2,3,4,0,0, 
00005883,15,LIMA,15,LIMA,01,LIMA,03,ATE,VITARTE,HOSPITAL DE BAJA COMPLEJIDAD HUAYCAN,A,4,1, ,-,X,-,-,-,X,-,-,X,-,X,-,X,-,-,-,-,X,-,-,-,1,2,0,4,0,6,7,0,0,0,0, ,0,1,2,3,4,0,0, 
00005883,15,LIMA,15,LIMA,01,LIMA,03,ATE,VITARTE,HOSPITAL DE BAJA COMPLEJIDAD HUAYCAN,A,5,2, ,-,-,X,X,-,-,-,-,-,X,X,-,-,-,-,-,-,-,-,-,-,0,2,0,0,0,0,7,0,0,0,0, ,0,1,2,0,0,0,0, 
00005883,15,LIMA,15,LIMA,01,LIMA,03,ATE,VITARTE,HOSPITAL DE BAJA COMPLEJIDAD HUAYCAN,A,6,2, ,-,X,-,-,-,-,-,-,X,-,X,-,-,-,-,-,-,-,-,-,-,0,2,0,0,0,0,7,0,0,0,0, ,0,1,2,0,0,0,0, 
00005883,15,LIMA,15,LIMA,01,LIMA,03,ATE,VITARTE,HOSPITAL DE BAJA COMPLEJIDAD HUAYCAN,A,7,2, ,X,-,X,-,-,-,-,X,-,X,-,-,-,-,-,-,-,-,-,-,-,1,2,0,4,0,6,7,0,0,0,0, ,0,1,2,3,4,0,0, 
00005883,15,LIMA,15,LIMA,01,LIMA,03,ATE,VITARTE,HOSPITAL DE BAJA COMPLEJIDAD HUAYCAN,A,8,2, ,-,X,-,X,X,-,-,-,X,-,-,X,-,-,-,-,-,-,-,-,-,1,2,0,4,0,6,7,0,0,0,0, ,0,1,2,3,4,0,0, 
00005945,15,LIMA,15,LIMA,01,LIMA,03,ATE,VITARTE,HOSPITAL VITARTE,A,1,1, ,X,X,X,X,X,X,-,-,-,-,-,-,-,-,-,-,-,-,-,-,-,0,2,0,0,0,6,7,8,0,0,11,COLPOSCOPIA,0,1,2,0,0,5,6,ADOLESCENTE Y COLPOSCOPIA
00005945,15,LIMA,15,LIMA,01,LIMA,03,ATE,VITARTE,HOSPITAL VITARTE,A,2,1, ,X,-,-,X,X,-,-,-,-,-,X,X,-,-,X,-,-,-,-,-,-,0,2,0,4,0,6,7,0,9,0,0, ,0,1,2,0,4,0,6,ECOGRAFIAS ATENCIONES GINECOLOGICAS
00005945,15,LIMA,15,LIMA,01,LIMA,03,ATE,VITARTE,HOSPITAL VITARTE,A,3,1, ,X,X,X,X,X,-,-,-,-,-,X,-,-,-,-,-,-,-,-,-,-,0,2,0,0,0,6,7,8,9,0,0, ,0,1,2,0,4,5,6,ATENCIONES GINECOLOGICAS
00005945,15,LIMA,15,LIMA,01,LIMA,03,ATE,VITARTE,HOSPITAL VITARTE,A,4,1, ,-,-,X,-,X,-,-,-,-,-,-,X,-,X,-,-,-,-,-,-,X,0,2,0,4,0,0,7,0,0,0,0, ,0,0,2,0,4,0,6,GINECOLOGICAS
00005945,15,LIMA,15,LIMA,01,LIMA,03,ATE,VITARTE,HOSPITAL VITARTE,A,5,1, ,X,X,-,-,X,-,-,X,-,-,-,-,-,-,-,-,X,-,-,-,-,0,0,0,4,0,6,0,8,9,0,0, ,0,0,0,0,4,0,0, 
00005945,15,LIMA,15,LIMA,01,LIMA,03,ATE,VITARTE,HOSPITAL VITARTE,A,6,1, ,X,-,X,-,-,-,-,X,-,X,-,-,-,-,-,-,-,X,-,-,-,0,0,0,4,5,0,0,0,0,0,11,CONSULTORIO EXTERNO DE ADOLESCENTE,0,0,2,0,4,0,0, 
00005945,15,LIMA,15,LIMA,01,LIMA,03,ATE,VITARTE,HOSPITAL VITARTE,A,7,1, ,-,-,-,-,-,X,-,X,-,X,X,-,-,-,-,-,-,X,-,-,-,0,0,0,4,0,6,0,8,9,0,0, ,0,0,2,0,4,0,6,GINECOLOGIA
00005945,15,LIMA,15,LIMA,01,LIMA,03,ATE,VITARTE,HOSPITAL VITARTE,A,8,1, ,-,X,-,-,-,X,X,-,X,-,-,-,X,X,-,-,-,-,-,-,-,0,0,0,4,0,0,7,8,0,0,11,COLPOSCOPIA,0,0,2,0,0,5,6,COLPOSCOPIA
00005945,15,LIMA,15,LIMA,01,LIMA,03,ATE,VITARTE,HOSPITAL VITARTE,A,9,1, ,-,X,X,-,-,X,-,-,X,X,-,-,-,-,-,-,-,-,-,X,-,0,0,0,4,0,6,0,0,0,0,11,CONSULTORIO EXTERNO DE ADOLESCENTE,0,0,2,0,4,0,0, 
00005945,15,LIMA,15,LIMA,01,LIMA,03,ATE,VITARTE,HOSPITAL VITARTE,A,10,1, ,-,-,X,X,-,-,-,-,-,X,-,-,-,-,X,-,-,-,-,-,-,0,0,0,4,0,6,0,0,0,0,0, ,0,0,2,0,4,0,0, 
00005945,15,LIMA,15,LIMA,01,LIMA,03,ATE,VITARTE,HOSPITAL VITARTE,A,11,1, ,-,-,-,X,X,X,-,-,X,-,X,X,X,-,-,-,-,-,-,-,-,0,2,0,4,0,6,0,8,9,0,0, ,0,0,2,0,4,5,0, 
00005945,15,LIMA,15,LIMA,01,LIMA,03,ATE,VITARTE,HOSPITAL VITARTE,A,12,1, ,X,-,X,-,X,-,-,X,-,X,-,X,-,-,-,-,-,-,-,-,-,0,0,3,0,0,0,7,8,0,0,11,COLPOSCOPIA,0,0,2,0,4,5,0, 
00005945,15,LIMA,15,LIMA,01,LIMA,03,ATE,VITARTE,HOSPITAL VITARTE,A,13,1, ,X,-,X,-,X,-,-,X,-,X,-,X,-,-,-,-,-,-,-,-,-,0,0,0,4,0,6,0,8,9,0,11,COLPOSCOPIA,0,0,2,0,4,5,0, 
00005945,15,LIMA,15,LIMA,01,LIMA,03,ATE,VITARTE,HOSPITAL VITARTE,A,14,1, ,-,X,-,X,-,-,-,-,-,-,X,-,X,-,-,X,-,-,-,X,-,0,2,0,4,0,0,0,8,9,0,11,COLPOSCOPIA,0,1,0,0,4,5,6,COLPOSCOPIA
00005945,15,LIMA,15,LIMA,01,LIMA,03,ATE,VITARTE,HOSPITAL VITARTE,A,15,2, ,-,-,-,X,-,X,-,-,X,-,X,-,-,-,-,-,-,-,-,-,-,0,0,0,0,0,6,7,0,9,0,0, ,0,0,0,0,4,0,6,ATENCION GINECO ECOGRAFIA
00005945,15,LIMA,15,LIMA,01,LIMA,03,ATE,VITARTE,HOSPITAL VITARTE,A,16,1, ,X,X,-,X,-,-,-,-,-,-,-,-,-,-,-,X,-,-,-,-,-,0,0,0,4,0,0,7,0,0,0,0, ,0,0,0,0,0,0,6,GINECOLOGIA
00005945,15,LIMA,15,LIMA,01,LIMA,03,ATE,VITARTE,HOSPITAL VITARTE,A,17,1, ,-,X,-,X,-,-,-,-,X,-,-,-,-,-,-,-,-,-,X,-,-,0,0,0,4,0,0,0,0,9,0,0, ,0,1,2,0,4,0,0, 
00005945,15,LIMA,15,LIMA,01,LIMA,03,ATE,VITARTE,HOSPITAL VITARTE,A,18,1, ,X,X,X,X,X,-,-,-,-,-,-,-,-,-,-,-,-,-,-,-,-,0,0,0,0,0,0,7,0,0,0,11,ADMINISTRATIVO,0,0,0,0,0,0,6,ADMINISTRATIVO
00005945,15,LIMA,15,LIMA,01,LIMA,03,ATE,VITARTE,HOSPITAL VITARTE,A,19,1, ,X,X,-,-,X,-,-,X,-,-,-,-,-,-,-,-,-,-,-,-,-,0,0,0,4,0,0,7,0,0,0,11,CONSULTORIO EXTERNO DE ADOLESCENTE,0,1,0,0,4,0,6,ATENCION ADOLESCENTES Y GINECOLOGICAS
00005945,15,LIMA,15,LIMA,01,LIMA,03,ATE,VITARTE,HOSPITAL VITARTE,A,20,1, ,-,X,X,X,-,-,-,-,-,X,-,-,-,-,-,-,-,-,-,-,X,0,0,0,4,0,6,7,8,0,0,11,CONSULTORIO EXTERNO DE ADOLESCENTE,0,1,2,0,4,5,6,ADOLESCENTE Y GINECOLOGIA
00005945,15,LIMA,15,LIMA,01,LIMA,03,ATE,VITARTE,HOSPITAL VITARTE,A,21,1, ,X,X,X,X,X,X,-,-,-,-,-,-,-,-,-,-,-,-,-,-,-,0,0,0,0,0,0,0,0,0,0,11,JEFATURA,0, , , , , , , 
00005945,15,LIMA,15,LIMA,01,LIMA,03,ATE,VITARTE,HOSPITAL VITARTE,A,22,1, ,X,X,X,X,X,X,-,-,-,-,-,-,-,-,-,-,-,-,-,-,-,0,0,0,0,0,0,0,0,0,0,11,JEFATURA,0, , , , , , , 
00005945,15,LIMA,15,LIMA,01,LIMA,03,ATE,VITARTE,HOSPITAL VITARTE,A,23,1, ,-,-,-,-,-,-,-,-,-,-,-,-,-,-,-,-,-,-,-,-,-,0,0,0,0,0,0,0,0,0,0,0, ,12, , , , , , , 
00005991,15,LIMA,15,LIMA,01,LIMA,08,CHORRILLOS,CHORRILLOS,CENTRO MATERNO INFANTIL DE SALUD VIRGEN DEL CARMEN,A,1,1, ,-,-,-,-,X,X,-,-,-,-,-,X,X,-,X,-,-,-,-,-,-,1,0,0,4,0,6,0,0,0,0,0, ,0,1,2,3,4,0,0, 
00005991,15,LIMA,15,LIMA,01,LIMA,08,CHORRILLOS,CHORRILLOS,CENTRO MATERNO INFANTIL DE SALUD VIRGEN DEL CARMEN,A,2,1, ,X,X,X,X,X,X,-,-,-,-,-,-,X,-,-,-,-,-,-,-,-,0,0,0,0,0,0,7,0,0,0,0, ,0,1,0,0,0,0,6,ATENCION GINECOLOGIA
00005991,15,LIMA,15,LIMA,01,LIMA,08,CHORRILLOS,CHORRILLOS,CENTRO MATERNO INFANTIL DE SALUD VIRGEN DEL CARMEN,A,3,1, ,-,-,X,-,-,-,-,-,-,X,-,-,-,-,-,-,-,X,-,-,X,1,0,0,4,0,6,0,0,0,0,0, ,0,1,2,3,4,0,0, 
00005991,15,LIMA,15,LIMA,01,LIMA,08,CHORRILLOS,CHORRILLOS,CENTRO MATERNO INFANTIL DE SALUD VIRGEN DEL CARMEN,A,4,1, ,-,X,-,-,-,-,-,-,X,-,-,-,-,-,-,-,X,-,X,-,-,1,0,0,4,0,6,0,0,0,0,0, ,0,1,2,3,4,0,0, 
00005991,15,LIMA,15,LIMA,01,LIMA,08,CHORRILLOS,CHORRILLOS,CENTRO MATERNO INFANTIL DE SALUD VIRGEN DEL CARMEN,A,5,1, ,-,-,-,X,-,-,X,-,-,-,X,-,-,X,-,-,-,-,-,-,-,1,0,0,4,0,6,0,0,0,0,0, ,0,1,2,3,4,0,0, 
00005991,15,LIMA,15,LIMA,01,LIMA,08,CHORRILLOS,CHORRILLOS,CENTRO MATERNO INFANTIL DE SALUD VIRGEN DEL CARMEN,A,6,1, ,X,X,X,X,X,-,-,-,-,X,-,-,-,-,-,-,-,-,-,-,-,1,0,0,4,0,6,0,0,0,0,0, ,0,1,2,3,4,0,0, 
00006079,15,LIMA,15,LIMA,01,LIMA,19,LURIN,LURIN,CENTRO DE SALUD LURIN,A,1,1, ,X,-,X,-,X,X,-,X,-,X,-,-,-,-,-,-,-,-,-,-,-,0,0,0,0,0,0,7,0,9,0,0, ,0,1,0,3,4,0,0, 
00006079,15,LIMA,15,LIMA,01,LIMA,19,LURIN,LURIN,CENTRO DE SALUD LURIN,A,2,1, ,-,X,-,X,X,-,-,-,X,-,X,X,-,-,-,-,-,-,-,-,-,0,0,0,0,0,0,7,0,9,0,0, ,0,1,0,0,0,0,0, 
00006079,15,LIMA,15,LIMA,01,LIMA,19,LURIN,LURIN,CENTRO DE SALUD LURIN,A,3,1, ,X,-,-,-,-,X,-,X,-,-,-,-,X,-,-,X,-,-,-,-,-,1,0,0,4,0,6,0,0,0,0,0, ,0,1,2,3,4,0,0, 
00006133,15,LIMA,15,LIMA,01,LIMA,42,VILLA EL SALVADOR,VILLA EL SALVADOR,CENTRO MATERNO INFANTIL JUAN PABLO II,A,1,1, ,-,-,X,-,-,-,-,-,-,X,-,-,-,-,-,-,-,X,-,-,-,1,0,0,4,0,6,0,0,0,0,0, ,0,1,0,3,4,0,0, 
00006133,15,LIMA,15,LIMA,01,LIMA,42,VILLA EL SALVADOR,VILLA EL SALVADOR,CENTRO MATERNO INFANTIL JUAN PABLO II,A,2,1, ,-,-,-,X,-,-,-,-,-,-,X,-,-,-,-,-,-,-,X,-,-,1,0,0,4,0,6,0,0,0,0,0, ,0,1,0,3,4,0,0, 
00006133,15,LIMA,15,LIMA,01,LIMA,42,VILLA EL SALVADOR,VILLA EL SALVADOR,CENTRO MATERNO INFANTIL JUAN PABLO II,A,3,1, ,X,-,-,-,-,-,-,X,-,-,-,-,-,-,-,X,-,-,-,-,-,1,0,0,4,0,6,0,0,0,0,0, ,0,1,0,3,4,0,0, 
00006133,15,LIMA,15,LIMA,01,LIMA,42,VILLA EL SALVADOR,VILLA EL SALVADOR,CENTRO MATERNO INFANTIL JUAN PABLO II,A,4,1, ,-,X,-,-,-,-,X,-,X,-,-,-,-,X,-,-,X,-,-,-,-,1,0,0,4,0,6,0,0,0,0,0, ,0,1,0,3,4,0,0, 
00006133,15,LIMA,15,LIMA,01,LIMA,42,VILLA EL SALVADOR,VILLA EL SALVADOR,CENTRO MATERNO INFANTIL JUAN PABLO II,A,5,1, ,-,-,-,-,X,-,-,-,-,-,-,X,-,-,-,-,-,-,-,X,-,1,0,0,4,0,6,0,0,0,0,0, ,0,1,0,3,4,0,0, 
00006133,15,LIMA,15,LIMA,01,LIMA,42,VILLA EL SALVADOR,VILLA EL SALVADOR,CENTRO MATERNO INFANTIL JUAN PABLO II,A,6,1, ,X,X,X,X,X,X,-,-,-,-,-,-,-,-,-,-,-,-,-,-,-,0,0,0,0,0,0,7,0,0,0,0, ,0,1,0,0,0,0,0, 
00006133,15,LIMA,15,LIMA,01,LIMA,42,VILLA EL SALVADOR,VILLA EL SALVADOR,CENTRO MATERNO INFANTIL JUAN PABLO II,A,7,1, ,-,-,-,-,-,-,-,X,-,X,-,X,-,-,-,-,-,-,-,-,-,0,0,0,0,0,0,7,0,0,0,0, ,0,1,0,0,0,0,0, 
00006151,15,LIMA,15,LIMA,01,LIMA,43,VILLA MARIA DEL TRIUNFO,VILLA MARIA DEL TRIUNFO,CENTRO MATERNO INFANTIL VILLA MARIA DEL TRIUNFO,A,1,1, ,X,X,X,X,X,X,-,-,-,-,-,-,-,-,-,-,-,-,-,-,-,0,0,0,0,0,0,7,0,0,0,0, ,0,0,0,0,4,0,6,ATENCIONES GINECOLOGICAS
00006580,22,SAN MARTIN,22,SAN MARTIN,10,TOCACHE,01,TOCACHE,TOCACHE,HOSPITAL DE TOCACHE,A,1,1, ,X,-,X,-,-,X,-,-,-,X,-,-,X,-,X,-,-,X,-,-,X,1,2,0,4,0,6,7,0,9,0,0, ,0,1,2,3,4,0,6,ATENCION ADULTO
00006732,22,SAN MARTIN,22,SAN MARTIN,08,RIOJA,01,RIOJA,RIOJA,HOSPITAL DE RIOJA,A,1,1, ,-,X,-,-,X,-,-,-,-,-,-,-,-,-,-,-,X,-,-,-,-,0,2,3,0,0,6,0,0,9,0,0, ,0,0,2,0,4,0,0, 
00006732,22,SAN MARTIN,22,SAN MARTIN,08,RIOJA,01,RIOJA,RIOJA,HOSPITAL DE RIOJA,A,2,1, ,X,-,-,X,-,-,-,-,-,-,-,-,-,-,X,-,-,X,-,R,R,0,2,3,0,0,6,7,0,0,0,0, ,0,0,2,0,4,0,0, 
00006732,22,SAN MARTIN,22,SAN MARTIN,08,RIOJA,01,RIOJA,RIOJA,HOSPITAL DE RIOJA,A,3,1, ,-,X,-,-,X,-,-,-,-,-,-,-,-,-,-,X,-,-,X,-,-,0,2,0,0,0,6,7,0,0,0,0, ,0,0,2,0,4,0,0, 
00006733,22,SAN MARTIN,22,SAN MARTIN,01,MOYOBAMBA,01,MOYOBAMBA,MOYOBAMBA,HOSPITAL MOYOBAMBA,A,1,1, ,X,X,R,X,X,-,-,-,-,-,-,-,-,-,-,X,R,-,-,-,-,0,2,0,4,0,6,7,0,9,0,0, ,0,1,2,0,4,0,0, 
00006733,22,SAN MARTIN,22,SAN MARTIN,01,MOYOBAMBA,01,MOYOBAMBA,MOYOBAMBA,HOSPITAL MOYOBAMBA,A,2,1, ,R,X,X,X,R,-,-,-,-,-,-,-,-,R,-,-,-,X,R,-,X,0,2,0,4,0,6,7,0,9,0,0, ,0,1,2,0,4,0,0, 
00006733,22,SAN MARTIN,22,SAN MARTIN,01,MOYOBAMBA,01,MOYOBAMBA,MOYOBAMBA,HOSPITAL MOYOBAMBA,A,3,2, ,-,X,-,-,X,X,-,X,X,X,X,X,X,-,-,-,-,-,-,X,-,0,0,0,4,0,6,7,0,9,0,0, ,0,1,0,0,4,0,0, 
00006733,22,SAN MARTIN,22,SAN MARTIN,01,MOYOBAMBA,01,MOYOBAMBA,MOYOBAMBA,HOSPITAL MOYOBAMBA,A,4,1, ,X,-,X,X,X,X,-,-,-,-,-,-,X,-,X,-,-,-,-,-,-,0,2,0,4,0,6,7,0,9,0,0, ,0,1,2,3,4,0,0, 
00006733,22,SAN MARTIN,22,SAN MARTIN,01,MOYOBAMBA,01,MOYOBAMBA,MOYOBAMBA,HOSPITAL MOYOBAMBA,A,5,2, ,-,-,-,-,-,-,-,-,-,-,-,-,-,-,-,-,-,-,-,-,-,0,0,0,0,0,0,0,0,0,0,0, ,12, , , , , , , 
00007126,07,CALLAO,07,CALLAO,01,CALLAO,06,VENTANILLA,VENTANILLA,HOSPITAL DE VENTANILLA,A,1,1, ,X,-,X,-,-,-,-,-,-,-,-,-,-,-,-,-,-,-,-,-,-,1,2,0,4,0,6,7,0,0,0,0, ,0,1,2,3,4,0,0, 
00007126,07,CALLAO,07,CALLAO,01,CALLAO,06,VENTANILLA,VENTANILLA,HOSPITAL DE VENTANILLA,A,2,1, ,-,-,-,X,X,-,-,X,-,-,-,X,-,-,X,-,-,-,-,-,-,0,2,0,4,0,0,7,0,0,0,0, ,0,1,2,0,4,0,0, 
00007126,07,CALLAO,07,CALLAO,01,CALLAO,06,VENTANILLA,VENTANILLA,HOSPITAL DE VENTANILLA,A,3,1, ,-,X,-,X,-,X,X,-,X,-,X,-,-,X,-,-,-,-,-,-,-,1,0,0,4,0,6,7,0,0,0,0, ,0,1,0,0,4,0,0, 
00007126,07,CALLAO,07,CALLAO,01,CALLAO,06,VENTANILLA,VENTANILLA,HOSPITAL DE VENTANILLA,A,4,1, ,X,-,X,-,X,-,-,-,-,-,-,-,-,-,-,-,-,-,-,-,-,0,2,0,4,0,0,7,0,0,0,0, ,0,1,2,0,4,0,0, 
00007126,07,CALLAO,07,CALLAO,01,CALLAO,06,VENTANILLA,VENTANILLA,HOSPITAL DE VENTANILLA,A,5,2, ,X,-,X,-,-,-,-,X,-,-,-,-,-,-,-,X,-,-,-,-,-,1,2,0,4,0,6,7,0,0,0,0, ,0,1,2,3,4,0,0, 
00007126,07,CALLAO,07,CALLAO,01,CALLAO,06,VENTANILLA,VENTANILLA,HOSPITAL DE VENTANILLA,A,6,2, ,-,-,-,-,-,-,-,-,-,-,X,X,-,-,-,-,-,-,X,-,-,1,2,0,4,0,6,7,0,0,0,0, ,0,1,2,3,4,0,0, 
00007126,07,CALLAO,07,CALLAO,01,CALLAO,06,VENTANILLA,VENTANILLA,HOSPITAL DE VENTANILLA,A,7,2, ,-,X,-,-,-,X,-,-,X,-,-,-,X,-,-,-,-,-,-,X,-,0,2,0,4,0,0,7,0,0,0,0, ,0,1,2,0,4,0,0, 
00007126,07,CALLAO,07,CALLAO,01,CALLAO,06,VENTANILLA,VENTANILLA,HOSPITAL DE VENTANILLA,A,8,2, ,-,-,X,X,X,-,-,-,X,X,X,-,-,-,-,X,-,-,-,-,-,1,2,0,4,0,6,7,0,0,0,0, ,0,1,2,3,4,0,0, 
00007126,07,CALLAO,07,CALLAO,01,CALLAO,06,VENTANILLA,VENTANILLA,HOSPITAL DE VENTANILLA,A,9,2, ,-,-,-,-,-,-,X,-,-,-,-,-,-,X,-,-,-,X,-,X,X,0,2,0,4,0,0,0,0,0,0,0, ,0,1,2,0,4,0,0, 
00007126,07,CALLAO,07,CALLAO,01,CALLAO,06,VENTANILLA,VENTANILLA,HOSPITAL DE VENTANILLA,A,10,2, ,-,-,-,-,X,-,-,-,-,-,-,X,-,-,-,-,-,-,-,-,-,0,2,0,4,0,0,7,0,0,0,0, ,0,1,2,0,4,0,0, 
00007152,13,LA LIBERTAD,13,LA LIBERTAD,01,TRUJILLO,07,MOCHE,MIRAMAR,HOSPITAL DISTRITAL ALTO MOCHE WALTER CRUZ VILCA,A,1,1, ,-,-,X,X,X,-,-,-,-,-,-,-,-,-,-,-,-,-,-,-,X,1,2,3,0,0,6,7,0,0,0,0, ,0,1,0,0,4,0,0, 
00007636,15,LIMA,15,LIMA,02,BARRANCA,04,SUPE,SUPE,HOSPITAL DE SUPE LAURA ESTHER RODRIGUEZ DULANTO,A,1,2, ,X,-,-,-,-,-,X,X,-,-,-,-,-,X,-,-,-,-,-,-,X,1,2,0,4,0,6,7,0,9,0,0, ,0,1,2,0,0,0,6,ATENCIONES GINECOLOGICAS
00007636,15,LIMA,15,LIMA,02,BARRANCA,04,SUPE,SUPE,HOSPITAL DE SUPE LAURA ESTHER RODRIGUEZ DULANTO,A,2,2, ,-,X,-,-,-,-,-,-,X,-,-,-,-,-,X,X,-,-,-,-,-,1,2,0,4,0,6,7,0,0,0,0, ,0,1,2,0,4,0,0, 
00007636,15,LIMA,15,LIMA,02,BARRANCA,04,SUPE,SUPE,HOSPITAL DE SUPE LAURA ESTHER RODRIGUEZ DULANTO,A,3,2, ,-,-,-,-,X,-,-,-,-,-,-,X,-,-,-,-,-,X,-,-,-,1,2,0,4,0,6,7,0,9,0,0, ,0,1,2,0,0,0,6,ATENCION GINECOLOGICA
00007636,15,LIMA,15,LIMA,02,BARRANCA,04,SUPE,SUPE,HOSPITAL DE SUPE LAURA ESTHER RODRIGUEZ DULANTO,A,4,2, ,-,-,-,-,-,X,-,-,-,-,-,-,X,-,-,-,-,-,X,X,-,1,2,0,4,0,6,7,0,9,0,0, ,0,1,2,0,0,0,6,ATENCION GINECOLOGICA
00007637,15,LIMA,15,LIMA,06,HUARAL,01,HUARAL,HUARAL,HOSPITAL SAN JUAN BAUTISTA HUARAL,A,1,1, ,X,-,-,X,-,-,-,X,-,-,X,-,-,-,X,-,-,X,-,-,-,1,2,0,4,0,6,7,0,0,0,0, ,0,1,2,3,4,0,0, 
00007637,15,LIMA,15,LIMA,06,HUARAL,01,HUARAL,HUARAL,HOSPITAL SAN JUAN BAUTISTA HUARAL,A,2,1, ,X,X,-,X,-,X,-,-,X,-,-,-,X,-,-,X,-,-,-,-,-,1,2,0,4,0,6,7,0,0,0,0, ,0,1,2,3,4,0,0, 
00007637,15,LIMA,15,LIMA,06,HUARAL,01,HUARAL,HUARAL,HOSPITAL SAN JUAN BAUTISTA HUARAL,A,3,1, ,X,X,-,X,-,-,-,-,-,-,X,-,-,-,-,-,-,X,-,-,-,1,2,0,4,0,6,7,0,0,0,0, ,0,1,2,3,4,0,0, 
00007637,15,LIMA,15,LIMA,06,HUARAL,01,HUARAL,HUARAL,HOSPITAL SAN JUAN BAUTISTA HUARAL,A,4,1, ,X,-,X,X,X,X,-,X,-,X,-,X,X,-,-,-,-,-,-,-,-,1,2,0,4,0,6,7,0,0,0,0, ,0,1,2,3,4,0,0, 
00007637,15,LIMA,15,LIMA,06,HUARAL,01,HUARAL,HUARAL,HOSPITAL SAN JUAN BAUTISTA HUARAL,A,5,1, ,X,-,X,-,X,-,-,X,-,X,-,X,-,-,-,-,-,-,-,-,-,1,2,0,4,0,6,7,0,0,0,0, ,0,1,2,3,4,0,0, 
00007637,15,LIMA,15,LIMA,06,HUARAL,01,HUARAL,HUARAL,HOSPITAL SAN JUAN BAUTISTA HUARAL,A,6,1, ,-,-,X,-,X,-,-,-,-,-,-,X,-,-,-,-,X,-,-,-,-,1,2,0,4,0,6,7,0,0,0,0, ,0,1,2,3,4,0,0, 
00007637,15,LIMA,15,LIMA,06,HUARAL,01,HUARAL,HUARAL,HOSPITAL SAN JUAN BAUTISTA HUARAL,A,7,1, ,X,-,-,-,X,-,X,X,X,-,-,X,-,X,X,-,-,-,-,-,X,1,2,0,4,0,6,7,0,0,0,0, ,0,1,2,3,4,0,0, 
00007637,15,LIMA,15,LIMA,06,HUARAL,01,HUARAL,HUARAL,HOSPITAL SAN JUAN BAUTISTA HUARAL,A,8,1, ,-,X,X,-,-,-,-,-,X,-,-,-,-,-,-,X,-,-,-,-,-,1,2,0,4,0,6,7,0,0,0,0, ,0,1,2,3,4,0,0, 
00007637,15,LIMA,15,LIMA,06,HUARAL,01,HUARAL,HUARAL,HOSPITAL SAN JUAN BAUTISTA HUARAL,A,9,2, ,X,X,-,-,X,-,-,X,X,-,-,X,-,-,X,-,-,-,X,-,-,1,2,0,4,0,6,7,0,9,0,0, ,0,1,2,3,4,0,0, 
00007637,15,LIMA,15,LIMA,06,HUARAL,01,HUARAL,HUARAL,HOSPITAL SAN JUAN BAUTISTA HUARAL,A,10,2, ,-,-,X,-,-,-,-,-,-,X,-,-,X,-,-,-,-,-,-,X,-,1,2,0,4,0,6,7,0,9,0,0, ,0,1,2,3,4,0,0, 
00007637,15,LIMA,15,LIMA,06,HUARAL,01,HUARAL,HUARAL,HOSPITAL SAN JUAN BAUTISTA HUARAL,A,11,2, ,-,X,-,-,-,-,-,-,-,-,-,-,-,-,-,-,-,-,-,-,-,1,2,0,4,0,6,7,0,0,0,0, ,0,1,2,3,4,0,0, 
00007637,15,LIMA,15,LIMA,06,HUARAL,01,HUARAL,HUARAL,HOSPITAL SAN JUAN BAUTISTA HUARAL,A,12,2, ,X,-,-,-,-,-,X,X,-,-,-,-,-,X,-,-,-,-,-,X,X,1,2,0,4,0,6,7,0,0,0,0, ,0,1,2,3,4,0,0, 
00007638,15,LIMA,15,LIMA,06,HUARAL,05,CHANCAY,CHANCAY,HOSPITAL DE CHANCAY,A,1,1, ,-,-,X,-,-,-,-,-,X,X,-,X,-,-,-,-,X,-,-,-,-,1,2,0,4,0,6,7,0,0,0,0, ,0,1,2,3,4,0,0, 
00007638,15,LIMA,15,LIMA,06,HUARAL,05,CHANCAY,CHANCAY,HOSPITAL DE CHANCAY,A,2,1, ,-,-,-,-,-,-,-,-,-,-,-,-,-,-,-,-,-,-,-,-,-,0,0,0,0,0,0,0,0,0,0,0, ,12, , , , , , , 
00007638,15,LIMA,15,LIMA,06,HUARAL,05,CHANCAY,CHANCAY,HOSPITAL DE CHANCAY,A,3,1, ,-,-,-,-,-,-,-,-,-,-,-,-,-,-,-,-,-,-,-,-,-,0,0,0,0,0,0,0,0,0,0,0, ,12, , , , , , , 
00007638,15,LIMA,15,LIMA,06,HUARAL,05,CHANCAY,CHANCAY,HOSPITAL DE CHANCAY,A,4,1, ,-,X,-,X,-,-,-,-,X,-,X,-,-,-,-,-,-,X,-,-,-,0,2,0,0,0,0,7,0,0,0,0, ,0,1,2,3,4,0,0, 
00007638,15,LIMA,15,LIMA,06,HUARAL,05,CHANCAY,CHANCAY,HOSPITAL DE CHANCAY,A,5,1, ,X,-,X,-,-,-,X,X,-,X,-,-,-,X,X,-,-,-,-,-,X,1,0,0,4,0,6,7,0,9,0,0, ,0,1,2,3,4,0,0, 
00007638,15,LIMA,15,LIMA,06,HUARAL,05,CHANCAY,CHANCAY,HOSPITAL DE CHANCAY,A,6,1, ,-,-,-,-,-,-,-,-,-,-,-,-,-,-,-,-,-,-,-,-,-,0,0,0,0,0,0,0,0,0,0,0, ,12, , , , , , , 
00007638,15,LIMA,15,LIMA,06,HUARAL,05,CHANCAY,CHANCAY,HOSPITAL DE CHANCAY,A,7,1, ,-,X,-,-,X,-,X,-,X,-,-,X,-,X,-,-,-,-,-,-,X,1,0,0,4,0,6,7,0,9,0,0, ,0,1,2,3,4,0,0, 
00007638,15,LIMA,15,LIMA,06,HUARAL,05,CHANCAY,CHANCAY,HOSPITAL DE CHANCAY,A,8,2, ,-,-,-,-,-,X,-,-,-,-,-,-,X,-,-,-,-,-,-,X,-,1,0,0,4,0,6,0,0,0,0,0, ,0,1,2,3,4,0,0, 
00007638,15,LIMA,15,LIMA,06,HUARAL,05,CHANCAY,CHANCAY,HOSPITAL DE CHANCAY,A,9,2, ,-,X,X,-,X,-,-,-,X,-,-,X,-,-,-,X,-,-,-,-,-,1,0,0,4,0,6,7,0,9,0,0, ,0,1,0,3,4,0,0, 
00007638,15,LIMA,15,LIMA,06,HUARAL,05,CHANCAY,CHANCAY,HOSPITAL DE CHANCAY,A,10,2, ,X,X,-,-,-,-,-,X,X,-,-,-,-,-,X,-,-,-,-,-,-,1,0,0,4,0,6,7,0,9,0,0, ,0,1,0,3,4,0,0, 
00007638,15,LIMA,15,LIMA,06,HUARAL,05,CHANCAY,CHANCAY,HOSPITAL DE CHANCAY,A,11,2, ,-,X,-,X,-,-,-,-,-,-,X,-,-,-,-,-,-,X,-,-,-,1,0,0,4,0,6,7,0,0,0,0, ,0,1,0,3,4,0,0, 
00007638,15,LIMA,15,LIMA,06,HUARAL,05,CHANCAY,CHANCAY,HOSPITAL DE CHANCAY,A,12,2, ,-,-,-,-,-,-,-,-,-,-,-,-,-,-,-,-,-,-,-,-,-,0,0,0,0,0,0,0,0,0,0,0, ,12, , , , , , , 
00007639,15,LIMA,15,LIMA,08,HUAURA,01,HUACHO,HUACHO,HOSPITAL GENERAL DE HUACHO,A,1,1, ,X,X,X,X,X,-,-,-,-,-,-,-,-,-,-,-,-,-,-,-,-,0,2,0,0,0,0,7,0,0,0,11,JEFATURA,0,0,2,0,0,0,6,ATENCION GINECOLOGICA
00007639,15,LIMA,15,LIMA,08,HUAURA,01,HUACHO,HUACHO,HOSPITAL GENERAL DE HUACHO,A,2,1, ,X,-,X,-,X,-,-,-,-,-,-,-,-,-,X,-,-,-,X,-,-,0,2,0,0,0,6,7,0,0,0,11,JEFATURA,0,1,2,3,0,0,0, 
00007639,15,LIMA,15,LIMA,08,HUAURA,01,HUACHO,HUACHO,HOSPITAL GENERAL DE HUACHO,A,3,1, ,-,X,X,X,-,X,-,-,X,X,X,-,X,-,-,-,-,-,-,-,-,0,2,0,4,0,0,7,0,0,0,11,ADMINISTRATIVO,0,1,2,3,4,0,6,ATENCION ADULTOS
00007639,15,LIMA,15,LIMA,08,HUAURA,01,HUACHO,HUACHO,HOSPITAL GENERAL DE HUACHO,A,4,1, ,X,X,-,X,-,-,-,X,-,-,-,-,-,-,-,X,-,-,-,-,-,0,2,0,4,0,0,7,0,0,0,0, ,0,1,2,3,4,0,6,ATENCION GINECOLOGICA
00007639,15,LIMA,15,LIMA,08,HUAURA,01,HUACHO,HUACHO,HOSPITAL GENERAL DE HUACHO,A,5,1, ,-,-,-,X,X,-,-,-,-,-,X,-,-,-,-,X,-,-,-,-,-,1,0,0,4,0,6,0,0,0,0,0, ,0,1,2,3,4,0,0, 
00007639,15,LIMA,15,LIMA,08,HUAURA,01,HUACHO,HUACHO,HOSPITAL GENERAL DE HUACHO,A,6,1, ,X,-,X,X,X,-,-,-,-,X,-,-,-,-,-,-,-,-,-,-,-,0,0,0,0,0,6,7,0,9,0,0, ,0,1,0,3,4,0,6,ATENCION GINECOLOGICA
00007639,15,LIMA,15,LIMA,08,HUAURA,01,HUACHO,HUACHO,HOSPITAL GENERAL DE HUACHO,A,7,1, ,-,X,X,-,-,-,-,-,X,X,-,-,-,-,-,-,-,-,-,X,-,1,0,0,0,0,6,7,0,0,0,0, ,0,1,2,3,4,0,0, 
00007639,15,LIMA,15,LIMA,08,HUAURA,01,HUACHO,HUACHO,HOSPITAL GENERAL DE HUACHO,A,8,1, ,X,X,X,X,-,-,-,X,-,X,X,-,-,-,-,-,-,-,-,-,-,0,0,0,0,0,0,7,0,9,0,0, ,0,1,0,3,0,0,6,ATENCION GINECOLOGICA
00007639,15,LIMA,15,LIMA,08,HUAURA,01,HUACHO,HUACHO,HOSPITAL GENERAL DE HUACHO,A,9,1, ,X,-,X,-,-,X,-,-,-,-,-,-,-,-,-,-,-,X,-,-,-,0,2,0,0,0,6,7,0,0,0,0, ,0,1,2,3,4,0,6,ATENCION GINECOLOGICA
00007639,15,LIMA,15,LIMA,08,HUAURA,01,HUACHO,HUACHO,HOSPITAL GENERAL DE HUACHO,A,10,1, ,-,X,X,X,-,X,-,-,X,-,-,-,X,-,-,-,-,X,-,-,X,1,0,0,4,0,6,0,0,9,0,0, ,0,1,2,3,4,0,0, 
00007639,15,LIMA,15,LIMA,08,HUAURA,01,HUACHO,HUACHO,HOSPITAL GENERAL DE HUACHO,A,11,1, ,-,-,-,-,X,-,X,-,-,-,-,-,-,X,-,-,-,-,-,-,-,0,0,0,4,0,0,0,0,9,0,0, ,0,1,2,3,4,0,0, 
00007639,15,LIMA,15,LIMA,08,HUAURA,01,HUACHO,HUACHO,HOSPITAL GENERAL DE HUACHO,A,12,1, ,-,X,-,-,X,-,-,-,X,-,-,-,-,-,-,-,-,-,X,-,-,0,0,0,4,0,0,7,0,0,0,0, ,0,1,0,3,4,0,6,ATENCION GINECOLOGICA
00007639,15,LIMA,15,LIMA,08,HUAURA,01,HUACHO,HUACHO,HOSPITAL GENERAL DE HUACHO,A,13,1, ,-,-,-,-,-,-,-,-,-,-,-,-,-,-,-,-,-,-,-,X,-,0,0,0,4,0,0,0,0,0,0,0, ,0,1,2,3,4,0,0, 
00007639,15,LIMA,15,LIMA,08,HUAURA,01,HUACHO,HUACHO,HOSPITAL GENERAL DE HUACHO,A,14,1, ,X,X,-,-,-,-,X,X,X,-,-,-,-,X,-,-,-,-,-,-,-,0,2,0,0,0,6,7,0,0,0,0, ,0,1,2,3,4,0,0, 
00007732,18,MOQUEGUA,18,MOQUEGUA,01,MARISCAL NIETO,01,MOQUEGUA,MOQUEGUA,HOSPITAL REGIONAL MOQUEGUA,A,1,1, ,X,X,-,X,X,-,-,-,X,-,X,-,-,-,X,-,-,-,X,-,-,1,2,0,4,0,6,7,0,0,0,0, ,0,1,2,3,4,0,6,ATENCION GINECOLOGICA
00007732,18,MOQUEGUA,18,MOQUEGUA,01,MARISCAL NIETO,01,MOQUEGUA,MOQUEGUA,HOSPITAL REGIONAL MOQUEGUA,A,2,2, ,-,-,-,-,-,-,-,-,-,-,-,-,-,-,-,-,-,-,-,-,-,0,0,0,0,0,0,0,0,0,0,0, ,12, , , , , , , 
00007732,18,MOQUEGUA,18,MOQUEGUA,01,MARISCAL NIETO,01,MOQUEGUA,MOQUEGUA,HOSPITAL REGIONAL MOQUEGUA,A,3,1, ,X,X,X,X,X,X,X,X,X,-,X,X,X,X,-,X,X,-,-,X,X,1,2,0,4,0,6,7,0,0,0,0, ,0,1,2,3,4,0,0, 
